department,releases,first,last
자연재난대응과,89,2025-06-06,2026-09-17
기후재난관리과,75,2025-06-09,2026-09-14
재정정책과,74,2025-06-17,2026-08-24
디지털정부기획과,53,2025-06-25,2025-11-18
자치행정과,50,2025-06-27,2026-09-23
재난관리정책과,40,2025-06-19,2026-09-22
균형발전진흥과,40,2025-07-03,2026-10-01
국토산업재난대응과,35,2025-07-04,2026-09-22
예방안전제도과,34,2025-06-12,2026-09-21
안전개선과,34,2025-06-26,2026-09-18
혁신기획과,32,2025-06-04,2026-09-30
재난안전점검과,30,2025-07-09,2026-09-04
복구지원과,29,2025-06-17,2026-10-02
환경산림재난대응과,25,2025-06-10,2026-09-21
재난안전산업과,24,2025-07-01,2026-09-28
자치분권제도과,24,2025-06-20,2026-09-17
사회연대경제지원과,24,2025-12-04,2026-09-30
지역경제과,23,2025-07-14,2026-09-17
지방인사제도과,22,2025-06-18,2026-09-17
농축산해양재난대응과,22,2025-07-03,2026-09-09
공공서비스혁신과,22,2025-06-09,2026-09-22
사회재난대응총괄과,21,2025-07-10,2026-09-03
균형발전제도과,21,2025-06-26,2026-09-21
주민과,20,2025-07-17,2026-09-16
기획재정담당관,20,2025-06-19,2026-09-02
행정제도과,19,2025-07-15,2026-09-18
인공지능정부정책과,18,2025-12-30,2026-09-29
재난대응총괄과,17,2025-07-07,2026-08-18
주소정보혁신과,16,2025-12-10,2026-09-29
안전문화교육과,16,2025-06-16,2026-10-01
선거의회자치법규과,16,2025-06-30,2026-06-03
기록서비스과,16,2025-08-28,2026-09-15
공유재산정책과,16,2025-07-07,2026-09-14
혁신행정담당관,15,2025-12-15,2026-09-11
의정담당관,15,2025-06-04,2026-10-02
민간협력공동체과,15,2025-12-05,2026-09-14
기획협력과,15,2025-09-18,2026-09-29
지방세정책과,14,2025-08-08,2026-09-15
재난안전연구개발과,14,2025-09-08,2026-09-01
사회통합지원과,14,2025-06-09,2026-08-31
안전정책총괄과,13,2025-06-24,2026-09-23
기록협력과,13,2025-06-09,2026-09-14
국민맞춤서비스과,13,2025-12-09,2026-09-30
총무과,12,2025-07-10,2026-09-21
지진방재관리과,12,2025-06-16,2026-09-30
지역금융지원과,12,2025-06-19,2026-08-28
자치분권지원과,12,2025-09-16,2026-09-07
서비스정책과,12,2025-06-24,2026-09-18
공공데이터정책과,12,2025-12-03,2026-08-03
주소생활공간과,11,2025-08-18,2025-11-25
재난자원관리과,11,2025-06-25,2026-07-11
민원제도과,11,2025-12-23,2026-10-02
디지털보안정책과,11,2025-06-09,2026-10-01
대일항쟁기강제동원피해지원과,11,2025-08-13,2026-09-15
공무원단체과,11,2025-11-27,2026-08-19
공공인공지능혁신과,11,2025-12-03,2026-10-01
재난안전데이터과,10,2025-08-04,2026-09-27
재난경감과,10,2025-07-05,2026-06-30
사회연대경제제도과,10,2026-01-26,2026-09-28
재난대응훈련과,9,2025-09-24,2026-10-02
재난구호과,9,2025-07-25,2026-09-18
국제교육협력과,9,2025-06-12,2026-08-25
국민참여정책과,9,2025-12-09,2026-10-01
홍보담당관,8,2025-08-13,2026-09-02
행정한류담당관,8,2025-09-24,2026-08-06
행정지원과,8,2025-09-03,2026-09-17
통합포털정책과,8,2026-01-12,2026-09-14
재난정보통신과,8,2025-08-27,2026-09-27
자치새마을협력과,8,2025-12-18,2026-07-23
디지털인프라혁신과,8,2025-12-23,2026-10-02
기업협력지원과,8,2025-06-05,2025-11-03
복원관리과,7,2025-06-23,2026-07-01
방재연구실,7,2025-08-26,2026-08-08
기획총괄과,7,2026-02-06,2026-06-26
국제협력담당관,7,2026-02-10,2026-06-22
지원총괄과,6,2026-02-03,2026-09-08
지방소득소비세제과,6,2025-12-25,2026-07-06
중대범죄수사청설립지원단,6,2026-01-12,2026-08-18
주민자치혁신과,6,2026-01-22,2026-09-28
재정협력과,6,2026-01-28,2026-07-16
재난원인조사실,6,2025-09-01,2026-07-03
인공지능정부협력과,6,2025-12-04,2026-09-28
비상대비훈련과,6,2025-08-05,2026-09-18
기본사회정책과,6,2025-12-04,2026-06-05
공공데이터분석관리과,6,2025-12-18,2026-09-17
지진방재정책과,5,2025-08-06,2026-09-09
지방공기업정책과,5,2025-08-06,2026-08-07
지방공공기관관리과,5,2025-08-12,2026-07-01
조직기획과,5,2025-09-07,2026-09-01
정보자원관리혁신과,5,2026-04-14,2026-08-27
재난보험과,5,2025-12-29,2026-08-03
안전사업조정과,5,2025-06-30,2026-07-01
성과관리담당관,5,2025-08-04,2026-01-23
법과학교육연구센터,5,2025-06-25,2026-03-17
민방위비상대비교육과,5,2025-07-24,2026-02-04
기반조성과,5,2026-03-24,2026-09-16
교부세과,5,2025-07-16,2026-09-21
공공지능데이터정책과,5,2025-06-16,2025-11-20
회계계약제도과,4,2025-07-01,2026-08-13
지진방재센터,4,2025-08-07,2026-06-16
지역청년정책과,4,2025-09-04,2025-11-19
지방의정연수센터,4,2025-07-31,2026-09-30
지방세입정보과,4,2026-06-15,2026-07-01
전문역량교육과,4,2025-08-25,2026-05-12
운영기획과,4,2026-01-28,2026-06-30
승강기정책과,4,2025-06-25,2026-09-23
새마을발전협력과,4,2025-06-23,2025-10-29
민간협력과,4,2025-07-07,2025-09-23
기획전략과,4,2026-02-13,2026-09-30
공공서비스통합과,4,2025-07-07,2025-10-28
하천.계곡불법시설정비지원단,3,2026-06-10,2026-07-08
추모지원과,3,2025-10-29,2025-10-29
청사기획과,3,2025-06-30,2025-12-09
지역디지털협력과,3,2025-09-11,2026-09-09
지방재정보조금정보과,3,2025-07-31,2026-05-11
정책리더양성과,3,2025-08-27,2026-02-02
정보공개제도과,3,2026-02-10,2026-05-12
정보공개과,3,2025-09-01,2025-10-31
재무시설과,3,2026-06-24,2026-09-21
재난안전교육과,3,2025-09-25,2026-09-30
인사기획관,3,2026-08-19,2026-10-01
위기가구발굴지원팀,3,2025-06-23,2026-04-08
연구기획과,3,2025-09-18,2026-09-02
안전소통담당관,3,2026-08-28,2026-09-18
스마트안전기획팀,3,2025-12-02,2026-06-09
상황총괄담당관,3,2025-10-05,2025-10-17
복지자원연계팀,3,2025-07-14,2026-03-03
민생경제지원과,3,2026-01-14,2026-08-31
민방위과,3,2025-08-19,2026-08-19
데이터정보화담당관,3,2025-08-27,2026-08-25
기록관리교육센터,3,2025-06-30,2025-11-03
국제디지털협력과,3,2025-08-06,2025-10-29
과제발굴과,3,2026-06-01,2026-09-07
공공지능데이터분석과,3,2025-07-30,2025-11-24
행정정보공유과,2,2026-01-23,2026-06-22
피해지원과,2,2025-06-09,2025-08-22
중앙민방위경보통제센터,2,2025-06-04,2026-06-05
정보자원관리과,2,2025-10-24,2026-05-05
재난현장지원총괄과,2,2026-03-21,2026-07-27
재난정보연구실,2,2026-04-13,2026-08-13
재난안전통신망과,2,2026-02-25,2026-08-24
안전연구실,2,2025-09-17,2026-09-02
수습관리과,2,2025-07-21,2025-07-26
상훈담당관,2,2026-04-13,2026-07-21
사회재난정책과,2,2025-06-23,2025-12-18
복구.재건지원과,2,2026-06-04,2026-09-21
보건사회재난대응과,2,2025-06-19,2026-02-05
마약과,2,2026-06-04,2026-09-21
디지털소통팀,2,2025-06-10,2025-10-31
디지털기반안전과,2,2025-08-28,2025-11-14
디지털과,2,2025-07-31,2025-12-08
기록보존과,2,2026-01-27,2026-06-08
교육총괄과,2,2025-09-03,2026-09-02
관리과,2,2025-08-19,2025-09-15
감사담당관,2,2025-11-20,2026-04-13
7.15오송지하차도참사피해자지원단,2,2026-07-13,2026-07-14
특수기록과,1,2025-12-19,2025-12-19
청사보안기획과,1,2025-10-27,2025-10-27
지정기록관리과,1,2026-04-30,2026-04-30
지방자치역량센터,1,2025-07-14,2025-07-14
지방규제혁신과,1,2025-11-24,2025-11-24
지능정부기반과,1,2025-11-03,2025-11-03
조직진단과,1,2025-12-10,2025-12-10
제주4·3사건처리과,1,2026-04-02,2026-04-02
재난영향분석과,1,2025-12-29,2025-12-29
재난안전조사과,1,2025-09-16,2025-09-16
재난안전APEC지원단,1,2025-07-29,2025-07-29
잠재재난위험분석센터,1,2025-11-25,2025-11-25
운영총괄과,1,2025-10-01,2025-10-01
안전과,1,2025-07-28,2025-07-28
안전감찰담당관,1,2026-05-04,2026-05-04
심사지원과,1,2025-09-09,2025-09-09
신기술기반과,1,2025-06-19,2025-06-19
시스템통합지원과,1,2026-06-15,2026-06-15
생산지원과,1,2025-06-04,2025-06-04
사업관리과,1,2026-04-09,2026-04-09
부동산세제과,1,2026-01-29,2026-01-29
부단장,1,2025-12-24,2025-12-24
복무감찰담당관,1,2026-03-23,2026-03-23
보존관리과,1,2025-10-13,2025-10-13
법무담당관,1,2025-10-10,2025-10-10
미래전략담당관,1,2025-11-20,2025-11-20
디지털안전상황실,1,2026-09-21,2026-09-21
대전분원,1,2026-05-14,2026-05-14
관리총괄과,1,2026-03-04,2026-03-04
공공데이터관리과,1,2025-09-18,2025-09-18
경북.경남.울산지역산불피해복구지원단,1,2025-07-12,2025-07-12
10.29이태원참사피해구제추모지원단,1,2025-08-04,2025-08-04
