period,term,docs,total,share
2025-06,지방정부,1,63,0.0159
2025-06,지방자치단체,16,63,0.254
2025-06,지자체,13,63,0.2063
2025-06,인공지능,11,63,0.1746
2025-06,AI,13,63,0.2063
2025-06,재난,19,63,0.3016
2025-06,안전,38,63,0.6032
2025-06,소비쿠폰,3,63,0.0476
2025-06,민생회복,3,63,0.0476
2025-06,국가정보자원관리원,2,63,0.0317
2025-06,산불,5,63,0.0794
2025-06,호우,10,63,0.1587
2025-06,폭염,7,63,0.1111
2025-06,한파,1,63,0.0159
2025-06,지방선거,0,63,0.0
2025-06,통합특별시,0,63,0.0
2025-06,주민자치,0,63,0.0
2025-06,디지털,12,63,0.1905
2025-07,지방정부,3,119,0.0252
2025-07,지방자치단체,29,119,0.2437
2025-07,지자체,42,119,0.3529
2025-07,인공지능,8,119,0.0672
2025-07,AI,12,119,0.1008
2025-07,재난,52,119,0.437
2025-07,안전,61,119,0.5126
2025-07,소비쿠폰,26,119,0.2185
2025-07,민생회복,26,119,0.2185
2025-07,국가정보자원관리원,0,119,0.0
2025-07,산불,7,119,0.0588
2025-07,호우,27,119,0.2269
2025-07,폭염,24,119,0.2017
2025-07,한파,0,119,0.0
2025-07,지방선거,0,119,0.0
2025-07,통합특별시,0,119,0.0
2025-07,주민자치,0,119,0.0
2025-07,디지털,17,119,0.1429
2025-08,지방정부,1,93,0.0108
2025-08,지방자치단체,17,93,0.1828
2025-08,지자체,34,93,0.3656
2025-08,인공지능,8,93,0.086
2025-08,AI,15,93,0.1613
2025-08,재난,43,93,0.4624
2025-08,안전,46,93,0.4946
2025-08,소비쿠폰,7,93,0.0753
2025-08,민생회복,7,93,0.0753
2025-08,국가정보자원관리원,1,93,0.0108
2025-08,산불,7,93,0.0753
2025-08,호우,25,93,0.2688
2025-08,폭염,8,93,0.086
2025-08,한파,0,93,0.0
2025-08,지방선거,0,93,0.0
2025-08,통합특별시,0,93,0.0
2025-08,주민자치,0,93,0.0
2025-08,디지털,12,93,0.129
2025-09,지방정부,2,143,0.014
2025-09,지방자치단체,36,143,0.2517
2025-09,지자체,43,143,0.3007
2025-09,인공지능,25,143,0.1748
2025-09,AI,30,143,0.2098
2025-09,재난,56,143,0.3916
2025-09,안전,80,143,0.5594
2025-09,소비쿠폰,17,143,0.1189
2025-09,민생회복,14,143,0.0979
2025-09,국가정보자원관리원,16,143,0.1119
2025-09,산불,12,143,0.0839
2025-09,호우,20,143,0.1399
2025-09,폭염,4,143,0.028
2025-09,한파,1,143,0.007
2025-09,지방선거,1,143,0.007
2025-09,통합특별시,0,143,0.0
2025-09,주민자치,1,143,0.007
2025-09,디지털,31,143,0.2168
2025-10,지방정부,15,103,0.1456
2025-10,지방자치단체,22,103,0.2136
2025-10,지자체,37,103,0.3592
2025-10,인공지능,18,103,0.1748
2025-10,AI,13,103,0.1262
2025-10,재난,40,103,0.3883
2025-10,안전,56,103,0.5437
2025-10,소비쿠폰,1,103,0.0097
2025-10,민생회복,2,103,0.0194
2025-10,국가정보자원관리원,32,103,0.3107
2025-10,산불,3,103,0.0291
2025-10,호우,3,103,0.0291
2025-10,폭염,1,103,0.0097
2025-10,한파,1,103,0.0097
2025-10,지방선거,1,103,0.0097
2025-10,통합특별시,0,103,0.0
2025-10,주민자치,1,103,0.0097
2025-10,디지털,23,103,0.2233
2025-11,지방정부,36,95,0.3789
2025-11,지방자치단체,2,95,0.0211
2025-11,지자체,18,95,0.1895
2025-11,인공지능,24,95,0.2526
2025-11,AI,33,95,0.3474
2025-11,재난,47,95,0.4947
2025-11,안전,59,95,0.6211
2025-11,소비쿠폰,2,95,0.0211
2025-11,민생회복,2,95,0.0211
2025-11,국가정보자원관리원,13,95,0.1368
2025-11,산불,9,95,0.0947
2025-11,호우,1,95,0.0105
2025-11,폭염,0,95,0.0
2025-11,한파,4,95,0.0421
2025-11,지방선거,0,95,0.0
2025-11,통합특별시,0,95,0.0
2025-11,주민자치,6,95,0.0632
2025-11,디지털,24,95,0.2526
2025-12,지방정부,66,129,0.5116
2025-12,지방자치단체,10,129,0.0775
2025-12,지자체,17,129,0.1318
2025-12,인공지능,27,129,0.2093
2025-12,AI,39,129,0.3023
2025-12,재난,56,129,0.4341
2025-12,안전,76,129,0.5891
2025-12,소비쿠폰,4,129,0.031
2025-12,민생회복,4,129,0.031
2025-12,국가정보자원관리원,2,129,0.0155
2025-12,산불,9,129,0.0698
2025-12,호우,8,129,0.062
2025-12,폭염,4,129,0.031
2025-12,한파,11,129,0.0853
2025-12,지방선거,0,129,0.0
2025-12,통합특별시,2,129,0.0155
2025-12,주민자치,0,129,0.0
2025-12,디지털,21,129,0.1628
2026-01,지방정부,36,83,0.4337
2026-01,지방자치단체,1,83,0.012
2026-01,지자체,8,83,0.0964
2026-01,인공지능,7,83,0.0843
2026-01,AI,16,83,0.1928
2026-01,재난,43,83,0.5181
2026-01,안전,51,83,0.6145
2026-01,소비쿠폰,0,83,0.0
2026-01,민생회복,0,83,0.0
2026-01,국가정보자원관리원,0,83,0.0
2026-01,산불,16,83,0.1928
2026-01,호우,5,83,0.0602
2026-01,폭염,3,83,0.0361
2026-01,한파,12,83,0.1446
2026-01,지방선거,1,83,0.012
2026-01,통합특별시,3,83,0.0361
2026-01,주민자치,1,83,0.012
2026-01,디지털,5,83,0.0602
2026-02,지방정부,47,95,0.4947
2026-02,지방자치단체,3,95,0.0316
2026-02,지자체,6,95,0.0632
2026-02,인공지능,12,95,0.1263
2026-02,AI,15,95,0.1579
2026-02,재난,31,95,0.3263
2026-02,안전,55,95,0.5789
2026-02,소비쿠폰,0,95,0.0
2026-02,민생회복,0,95,0.0
2026-02,국가정보자원관리원,1,95,0.0105
2026-02,산불,16,95,0.1684
2026-02,호우,4,95,0.0421
2026-02,폭염,1,95,0.0105
2026-02,한파,7,95,0.0737
2026-02,지방선거,2,95,0.0211
2026-02,통합특별시,1,95,0.0105
2026-02,주민자치,0,95,0.0
2026-02,디지털,7,95,0.0737
2026-03,지방정부,65,125,0.52
2026-03,지방자치단체,6,125,0.048
2026-03,지자체,4,125,0.032
2026-03,인공지능,27,125,0.216
2026-03,AI,31,125,0.248
2026-03,재난,45,125,0.36
2026-03,안전,61,125,0.488
2026-03,소비쿠폰,0,125,0.0
2026-03,민생회복,1,125,0.008
2026-03,국가정보자원관리원,1,125,0.008
2026-03,산불,10,125,0.08
2026-03,호우,4,125,0.032
2026-03,폭염,1,125,0.008
2026-03,한파,3,125,0.024
2026-03,지방선거,7,125,0.056
2026-03,통합특별시,5,125,0.04
2026-03,주민자치,1,125,0.008
2026-03,디지털,9,125,0.072
2026-04,지방정부,57,114,0.5
2026-04,지방자치단체,3,114,0.0263
2026-04,지자체,6,114,0.0526
2026-04,인공지능,17,114,0.1491
2026-04,AI,22,114,0.193
2026-04,재난,38,114,0.3333
2026-04,안전,56,114,0.4912
2026-04,소비쿠폰,3,114,0.0263
2026-04,민생회복,4,114,0.0351
2026-04,국가정보자원관리원,2,114,0.0175
2026-04,산불,9,114,0.0789
2026-04,호우,8,114,0.0702
2026-04,폭염,5,114,0.0439
2026-04,한파,2,114,0.0175
2026-04,지방선거,3,114,0.0263
2026-04,통합특별시,0,114,0.0
2026-04,주민자치,0,114,0.0
2026-04,디지털,10,114,0.0877
2026-05,지방정부,46,106,0.434
2026-05,지방자치단체,4,106,0.0377
2026-05,지자체,4,106,0.0377
2026-05,인공지능,17,106,0.1604
2026-05,AI,21,106,0.1981
2026-05,재난,38,106,0.3585
2026-05,안전,49,106,0.4623
2026-05,소비쿠폰,1,106,0.0094
2026-05,민생회복,3,106,0.0283
2026-05,국가정보자원관리원,2,106,0.0189
2026-05,산불,7,106,0.066
2026-05,호우,12,106,0.1132
2026-05,폭염,6,106,0.0566
2026-05,한파,0,106,0.0
2026-05,지방선거,10,106,0.0943
2026-05,통합특별시,2,106,0.0189
2026-05,주민자치,0,106,0.0
2026-05,디지털,17,106,0.1604
2026-06,지방정부,56,137,0.4088
2026-06,지방자치단체,10,137,0.073
2026-06,지자체,7,137,0.0511
2026-06,인공지능,30,137,0.219
2026-06,AI,32,137,0.2336
2026-06,재난,61,137,0.4453
2026-06,안전,79,137,0.5766
2026-06,소비쿠폰,1,137,0.0073
2026-06,민생회복,1,137,0.0073
2026-06,국가정보자원관리원,3,137,0.0219
2026-06,산불,9,137,0.0657
2026-06,호우,14,137,0.1022
2026-06,폭염,14,137,0.1022
2026-06,한파,1,137,0.0073
2026-06,지방선거,3,137,0.0219
2026-06,통합특별시,10,137,0.073
2026-06,주민자치,5,137,0.0365
2026-06,디지털,19,137,0.1387
2026-07,지방정부,70,130,0.5385
2026-07,지방자치단체,4,130,0.0308
2026-07,지자체,1,130,0.0077
2026-07,인공지능,16,130,0.1231
2026-07,AI,18,130,0.1385
2026-07,재난,62,130,0.4769
2026-07,안전,78,130,0.6
2026-07,소비쿠폰,0,130,0.0
2026-07,민생회복,0,130,0.0
2026-07,국가정보자원관리원,2,130,0.0154
2026-07,산불,10,130,0.0769
2026-07,호우,28,130,0.2154
2026-07,폭염,21,130,0.1615
2026-07,한파,0,130,0.0
2026-07,지방선거,0,130,0.0
2026-07,통합특별시,7,130,0.0538
2026-07,주민자치,2,130,0.0154
2026-07,디지털,11,130,0.0846
2026-08,지방정부,63,115,0.5478
2026-08,지방자치단체,6,115,0.0522
2026-08,지자체,7,115,0.0609
2026-08,인공지능,23,115,0.2
2026-08,AI,23,115,0.2
2026-08,재난,56,115,0.487
2026-08,안전,72,115,0.6261
2026-08,소비쿠폰,0,115,0.0
2026-08,민생회복,1,115,0.0087
2026-08,국가정보자원관리원,1,115,0.0087
2026-08,산불,13,115,0.113
2026-08,호우,24,115,0.2087
2026-08,폭염,22,115,0.1913
2026-08,한파,0,115,0.0
2026-08,지방선거,1,115,0.0087
2026-08,통합특별시,9,115,0.0783
2026-08,주민자치,2,115,0.0174
2026-08,디지털,17,115,0.1478
2026-09,지방정부,64,125,0.512
2026-09,지방자치단체,9,125,0.072
2026-09,지자체,16,125,0.128
2026-09,인공지능,34,125,0.272
2026-09,AI,37,125,0.296
2026-09,재난,48,125,0.384
2026-09,안전,73,125,0.584
2026-09,소비쿠폰,0,125,0.0
2026-09,민생회복,0,125,0.0
2026-09,국가정보자원관리원,4,125,0.032
2026-09,산불,13,125,0.104
2026-09,호우,15,125,0.12
2026-09,폭염,7,125,0.056
2026-09,한파,0,125,0.0
2026-09,지방선거,0,125,0.0
2026-09,통합특별시,8,125,0.064
2026-09,주민자치,0,125,0.0
2026-09,디지털,21,125,0.168
2026-10,지방정부,4,11,0.3636
2026-10,지방자치단체,1,11,0.0909
2026-10,지자체,2,11,0.1818
2026-10,인공지능,3,11,0.2727
2026-10,AI,3,11,0.2727
2026-10,재난,3,11,0.2727
2026-10,안전,7,11,0.6364
2026-10,소비쿠폰,0,11,0.0
2026-10,민생회복,0,11,0.0
2026-10,국가정보자원관리원,1,11,0.0909
2026-10,산불,1,11,0.0909
2026-10,호우,2,11,0.1818
2026-10,폭염,0,11,0.0
2026-10,한파,0,11,0.0
2026-10,지방선거,0,11,0.0
2026-10,통합특별시,1,11,0.0909
2026-10,주민자치,0,11,0.0
2026-10,디지털,1,11,0.0909
