period,rank,n_docs,term,z,df,ref_df
2025-06,1,63,직무대행,7.19,11,26
2025-06,2,63,디지털정부혁신,6.11,7,12
2025-06,3,63,이용석,6.03,7,13
2025-06,4,63,디지털정부혁신실장,6.03,7,13
2025-06,5,63,대행,5.96,12,57
2025-06,6,63,정체전선,4.8,4,5
2025-06,7,63,재발,4.62,9,54
2025-06,8,63,영국,4.46,5,16
2025-06,9,63,초점,4.37,5,17
2025-06,10,63,지방자치단체,4.36,16,163
2025-06,11,63,남부지방,4.28,4,10
2025-06,12,63,탄소배출,4.22,3,3
2025-06,13,63,water,4.22,3,3
2025-06,14,63,회복지원,4.22,3,3
2025-06,15,63,직무,4.21,14,137
2025-07,1,119,소비쿠폰,9.32,26,39
2025-07,2,119,민생회복,9.15,26,42
2025-07,3,119,지자체,6.55,42,223
2025-07,4,119,피해지역,6.13,18,54
2025-07,5,119,물놀이,6.02,13,27
2025-07,6,119,폭염,5.75,24,104
2025-07,7,119,지역사랑상품권,5.72,18,62
2025-07,8,119,지방자치단체,5.56,29,150
2025-07,9,119,뱅크,5.53,11,23
2025-07,10,119,직무대행,5.3,11,26
2025-07,11,119,휴가철,5.15,11,28
2025-07,12,119,선불,5.14,13,40
2025-07,13,119,체크,5.09,15,54
2025-07,14,119,농협은행,5.07,9,18
2025-07,15,119,토스,5.07,9,18
2025-08,1,93,긴급재난문자,5.59,10,21
2025-08,2,93,지자체,5.34,34,231
2025-08,3,93,위험기상,5.04,7,11
2025-08,4,93,외출,4.95,12,43
2025-08,5,93,마을방송,4.51,9,29
2025-08,6,93,펜션,4.46,5,6
2025-08,7,93,민방위,4.38,10,38
2025-08,8,93,접근금지,4.24,5,8
2025-08,9,93,호우,4.21,25,185
2025-08,10,93,상공,4.15,4,3
2025-08,11,93,피해복구,4.12,5,9
2025-08,12,93,위험지역,4.09,11,51
2025-08,13,93,공포,4.08,10,43
2025-08,14,93,부여군,4.08,6,15
2025-08,15,93,야영장,3.99,6,16
2025-09,1,143,추석,7.82,26,45
2025-09,2,143,통계청,6.61,14,13
2025-09,3,143,지방자치단체,5.89,36,143
2025-09,4,143,기재부,5.44,10,11
2025-09,5,143,디지털예산회계시스템,5.17,8,4
2025-09,6,143,등록시스템,5.17,8,4
2025-09,7,143,환경부,5.12,21,70
2025-09,8,143,노인맞춤,5.11,8,6
2025-09,9,143,국회답변,5.11,8,6
2025-09,10,143,모바일메시지시스템,5.11,8,6
2025-09,11,143,금융상품몰,5.11,8,6
2025-09,12,143,정부암호이용시스템,5.11,8,6
2025-09,13,143,인터넷보험,5.11,8,6
2025-09,14,143,통계데이터센터,5.11,8,6
2025-09,15,143,스마트보험,5.11,8,6
2025-10,1,103,국가정보자원관리원,8.2,32,51
2025-10,2,103,하모니,7.1,17,11
2025-10,3,103,통합재난문자시스템,6.93,16,9
2025-10,4,103,하도급지킴이,6.93,16,9
2025-10,5,103,Census,6.93,16,9
2025-10,6,103,하모니시스템,6.93,16,9
2025-10,7,103,나라통계,6.9,16,10
2025-10,8,103,농림어업,6.9,16,10
2025-10,9,103,수발신,6.9,16,10
2025-10,10,103,수발,6.9,16,10
2025-10,11,103,GPKI,6.9,16,10
2025-10,12,103,총조사,6.88,17,15
2025-10,13,103,정부디렉터리시스템,6.86,16,11
2025-10,14,103,하도급,6.86,16,11
2025-10,15,103,우표,6.81,16,12
2025-11,1,95,이관,6.01,16,27
2025-11,2,95,기자단,5.95,11,5
2025-11,3,95,희귀,5.67,10,6
2025-11,4,95,휴먼,5.64,10,4
2025-11,5,95,정보공개시스템,5.64,10,4
2025-11,6,95,계측,5.63,10,7
2025-11,7,95,RPA,5.51,10,3
2025-11,8,95,국가통계포털,5.49,10,9
2025-11,9,95,화학물질안전원,5.49,10,9
2025-11,10,95,개인정보보호위원회,5.41,13,22
2025-11,11,95,지방시대위원회,5.4,11,14
2025-11,12,95,임상연구정보서비스,5.39,9,5
2025-11,13,95,정책메일서비스,5.39,9,5
2025-11,14,95,조사시스템,5.39,9,5
2025-11,15,95,UBIS,5.39,9,5
2025-12,1,129,시상식,5.26,14,28
2025-12,2,129,연말연시,5.2,10,2
2025-12,3,129,제설,4.93,11,19
2025-12,4,129,수상,4.83,21,71
2025-12,5,129,겨울,4.72,10,17
2025-12,6,129,서울특별시,4.31,17,58
2025-12,7,129,대전환,4.22,9,18
2025-12,8,129,서구,4.18,13,38
2025-12,9,129,추위,4.18,6,6
2025-12,10,129,국민주권정부,4.16,12,33
2025-12,11,129,국무총리상,4.12,9,19
2025-12,12,129,살포,4.06,6,7
2025-12,13,129,사전심사,4.0,5,3
2025-12,14,129,모범,3.95,12,36
2025-12,15,129,순위,3.95,12,36
2026-01,1,83,한파,6.49,12,31
2026-01,2,83,한파쉼터,6.02,8,12
2026-01,3,83,업무보고,5.39,6,7
2026-01,4,83,겨울철,4.82,9,35
2026-01,5,83,노숙인,4.73,6,14
2026-01,6,83,역점,4.71,5,8
2026-01,7,83,대설,4.62,8,30
2026-01,8,83,제설,4.56,7,23
2026-01,9,83,병권,4.54,6,16
2026-01,10,83,오병권,4.45,6,17
2026-01,11,83,제설작업,4.26,4,6
2026-01,12,83,제설제,4.26,4,6
2026-01,13,83,비축,4.04,6,22
2026-01,14,83,추위,4.02,4,8
2026-01,15,83,기본방향,4.02,4,8
2026-02,1,95,연휴,7.43,17,48
2026-02,2,95,명절,6.12,15,59
2026-02,3,95,일제,5.01,10,39
2026-02,4,95,진화,4.68,11,54
2026-02,5,95,입산,4.67,5,8
2026-02,6,95,산림청,4.5,14,89
2026-02,7,95,실화,4.48,4,3
2026-02,8,95,ASF,4.48,4,3
2026-02,9,95,불씨,4.45,5,10
2026-02,10,95,지역번호,4.43,4,4
2026-02,11,95,흡연,4.43,4,4
2026-02,12,95,일제강점기,4.43,4,4
2026-02,13,95,아프리카돼지열병,4.42,4,2
2026-02,14,95,강풍,4.37,8,33
2026-02,15,95,민가,4.34,4,5
2026-03,1,125,공장,6.11,14,28
2026-03,2,125,대덕구,5.58,11,20
2026-03,3,125,봄철,5.25,11,24
2026-03,4,125,방침,4.78,31,182
2026-03,5,125,BTS,4.66,6,6
2026-03,6,125,방탄소년단,4.31,5,2
2026-03,7,125,거대,4.25,5,5
2026-03,8,125,컴백,4.16,6,1
2026-03,9,125,대전광역시,4.15,9,27
2026-03,10,125,반입,4.14,5,6
2026-03,11,125,결집,4.11,6,11
2026-03,12,125,지방정부,4.1,65,567
2026-03,13,125,화기,4.02,5,7
2026-03,14,125,공장화재,3.93,5,1
2026-03,15,125,뿌리,3.93,7,18
2026-04,1,114,유가,8.75,23,34
2026-04,2,114,피해지원금,7.84,18,25
2026-04,3,114,중동,6.87,14,20
2026-04,4,114,중동전쟁,6.31,10,7
2026-04,5,114,전쟁,6.01,14,32
2026-04,6,114,취소,4.7,9,22
2026-04,7,114,지원금,4.61,18,86
2026-04,8,114,이병철,4.43,5,4
2026-04,9,114,컨설팅,4.41,16,75
2026-04,10,114,자문단,4.35,7,15
2026-04,11,114,발굴,4.16,36,273
2026-04,12,114,선불카드,4.06,8,24
2026-04,13,114,기초생활수급자,4.01,6,13
2026-04,14,114,휴대폰,4.01,6,13
2026-04,15,114,자부심,3.88,5,9
2026-05,1,106,피해지원금,8.21,17,26
2026-05,2,106,유가,7.36,17,40
2026-05,3,106,선불,7.18,16,37
2026-05,4,106,이용통계,6.72,10,9
2026-05,5,106,지방선거,6.0,10,19
2026-05,6,106,신청자,5.9,13,39
2026-05,7,106,지원금,5.88,19,85
2026-05,8,106,지급대상자,5.77,11,28
2026-05,9,106,누계,5.65,7,4
2026-05,10,106,선거,5.6,12,37
2026-05,11,106,지류,5.56,11,31
2026-05,12,106,카드,5.04,20,118
2026-05,13,106,사전투표,5.0,6,2
2026-05,14,106,대상자,4.95,21,131
2026-05,15,106,금액,4.8,17,96
2026-06,1,137,프랑스,5.01,8,9
2026-06,2,137,여름철,4.31,18,75
2026-06,3,137,간담회,4.27,18,76
2026-06,4,137,특별법,4.05,12,41
2026-06,5,137,출범,3.93,22,114
2026-06,6,137,전남광주통합특별시,3.92,10,31
2026-06,7,137,태양광,3.83,8,21
2026-06,8,137,지부,3.72,4,3
2026-06,9,137,독서,3.72,4,3
2026-06,10,137,경험,3.69,31,197
2026-06,11,137,인공지능정부실,3.61,4,4
2026-06,12,137,선진국,3.61,4,4
2026-06,13,137,성수기,3.61,4,4
2026-06,14,137,파리,3.61,4,4
2026-06,15,137,안채명,3.61,4,4
2026-07,1,130,예찰,5.53,17,55
2026-07,2,130,무더위쉼터,5.49,13,32
2026-07,3,130,지하차도,5.4,14,39
2026-07,4,130,주민대피지원단,5.39,9,13
2026-07,5,130,행동,5.34,33,181
2026-07,6,130,여름,5.25,18,67
2026-07,7,130,요령,5.25,34,193
2026-07,8,130,특보,5.07,18,71
2026-07,9,130,기상정보,5.06,11,27
2026-07,10,130,지방정부,4.99,70,562
2026-07,11,130,부장,4.87,7,9
2026-07,12,130,중대본,4.86,14,48
2026-07,13,130,자제,4.71,18,79
2026-07,14,130,마을방송,4.55,10,28
2026-07,15,130,폭염,4.54,21,107
2026-08,1,115,전남광주,6.34,13,15
2026-08,2,115,거제,5.83,12,17
2026-08,3,115,장기화,5.15,10,16
2026-08,4,115,거제시,4.85,7,6
2026-08,5,115,중대,4.52,16,57
2026-08,6,115,냉방,4.44,10,24
2026-08,7,115,수사관,4.3,6,7
2026-08,8,115,일상,4.28,41,257
2026-08,9,115,폭염,4.18,22,106
2026-08,10,115,피해조사,4.18,6,8
2026-08,11,115,사회관계망,4.13,5,4
2026-08,12,115,산사태,4.12,16,65
2026-08,13,115,폭염특보,4.11,7,13
2026-08,14,115,무더위쉼터,4.1,11,34
2026-08,15,115,중대경보,4.02,5,5
2026-09,1,125,추석,6.6,21,50
2026-09,2,125,명절,6.08,20,54
2026-09,3,125,인공지능정부실장,5.96,13,21
2026-09,4,125,황규철,5.8,13,23
2026-09,5,125,진명기,5.06,10,18
2026-09,6,125,벡스코,4.83,7,7
2026-09,7,125,한가위,4.51,6,2
2026-09,8,125,MOU,4.34,11,32
2026-09,9,125,박람회,4.33,12,38
2026-09,10,125,자치혁신실장,4.3,10,27
2026-09,11,125,사회연대경제기본법,4.08,7,14
2026-09,12,125,전남광주,3.99,8,20
2026-09,13,125,완성,3.94,9,26
2026-09,14,125,양해각서,3.88,7,16
2026-09,15,125,박형,3.86,9,27
2026-10,1,11,전남광주,4.0,3,25
2026-10,2,11,시청,3.7,3,31
2026-10,3,11,사후,3.07,3,47
2026-10,4,11,위원장,3.05,4,83
2026-10,5,11,마무리,2.9,4,90
2026-10,6,11,대체,2.9,4,90
2026-10,7,11,운행,2.83,3,55
2026-10,8,11,검토,2.74,6,194
2026-10,9,11,구체화,2.7,3,60
2026-10,10,11,거리,2.7,3,60
2026-10,11,11,전문성,2.64,4,104
2026-10,12,11,초기,2.6,4,106
2026-10,13,11,중요,2.51,7,272
2026-10,14,11,공정,2.44,4,116
2026-10,15,11,분류,2.43,3,71
