term,df,df_ratio,tf
정부,1106,0.6193,4790
국민,1104,0.6181,5862
기관,1046,0.5857,5294
지원,1031,0.5773,10062
지역,1011,0.5661,6591
안전,997,0.5582,7488
운영,991,0.5549,3750
관리,989,0.5538,14624
현장,964,0.5398,2961
체계,760,0.4255,2420
대응,745,0.4171,2629
재난,738,0.4132,5119
발생,705,0.3947,2043
참여,689,0.3858,2272
지방,673,0.3768,4082
정책,672,0.3763,2715
행정,663,0.3712,4365
주민,648,0.3628,3561
점검,632,0.3539,2689
지방정부,632,0.3539,2183
협력,619,0.3466,1963
시설,618,0.346,2605
확대,603,0.3376,2057
정보,601,0.3365,18917
전국,567,0.3175,1570
사회,566,0.3169,3638
피해,558,0.3124,2772
기반,556,0.3113,2461
개선,550,0.308,1835
서비스,537,0.3007,6786
예방,525,0.294,1422
사업,522,0.2923,2811
대비,521,0.2917,1549
공공,501,0.2805,2344
국가,500,0.28,2412
구축,497,0.2783,1263
회의,484,0.271,1625
집중,483,0.2704,998
공유,473,0.2648,1560
환경,460,0.2576,1243
중앙,457,0.2559,1151
신속,454,0.2542,873
교육,454,0.2542,2575
활동,444,0.2486,1213
업무,441,0.2469,7155
제도,436,0.2441,1384
시스템,435,0.2436,16848
생활,426,0.2385,1339
위험,426,0.2385,1192
조치,424,0.2374,755
선정,420,0.2352,1313
확산,416,0.2329,875
대책,406,0.2273,1191
연계,402,0.2251,1585
확보,401,0.2245,778
센터,399,0.2234,1997
관계기관,393,0.22,790
우수,386,0.2161,1557
사고,380,0.2128,1305
민간,380,0.2128,1102
설치,377,0.2111,986
역량,375,0.21,884
AI,373,0.2088,3356
전문가,372,0.2083,732
경제,371,0.2077,1424
문화,369,0.2066,3541
논의,368,0.206,787
혁신,367,0.2055,1642
부처,367,0.2055,1005
기술,367,0.2055,8209
성과,366,0.2049,1266
공무원,361,0.2021,1633
홍보,359,0.201,891
통합,356,0.1993,5014
보호,354,0.1982,1082
개발,353,0.1976,1941
취약,351,0.1965,1009
신청,348,0.1948,2718
시행,344,0.1926,754
행사,342,0.1915,1024
위원회,340,0.1904,3128
기업,334,0.187,2110
분석,334,0.187,1839
조사,331,0.1853,1992
발전,329,0.1842,824
누리집,319,0.1786,749
맞춤,319,0.1786,723
불편,319,0.1786,595
단체,318,0.1781,890
서울,316,0.1769,760
평가,312,0.1747,1555
활성화,311,0.1741,908
발굴,309,0.173,670
인공지능,307,0.1719,1519
조성,306,0.1713,743
한국,305,0.1708,1004
고려,303,0.1697,483
자치,301,0.1685,1257
참석,301,0.1685,413
자원,299,0.1674,1152
일상,298,0.1669,522
변화,298,0.1669,514
공동,298,0.1669,802
수립,292,0.1635,576
긴급,291,0.1629,637
신고,290,0.1624,1581
핵심,289,0.1618,531
해당,287,0.1607,620
절차,287,0.1607,615
관심,282,0.1579,483
접수,281,0.1573,904
대표,280,0.1568,1733
특별,279,0.1562,890
중요,279,0.1562,346
의견,277,0.1551,556
안정,276,0.1545,656
문제,276,0.1545,625
적용,274,0.1534,1320
대한민국,274,0.1534,693
도입,274,0.1534,566
안전관리,271,0.1517,751
방지,271,0.1517,588
요청,271,0.1517,492
산업,270,0.1512,2030
실질,270,0.1512,379
합동,269,0.1506,666
방식,266,0.1489,522
여부,266,0.1489,403
지자체,265,0.1484,871
지정,263,0.1473,582
개인,263,0.1473,925
체감,262,0.1467,394
유지,261,0.1461,510
소통,261,0.1461,670
화재,260,0.1456,1106
해결,260,0.1456,645
구조,259,0.145,657
방향,259,0.145,519
전남,258,0.1445,775
계기,258,0.1445,343
본부장,258,0.1445,567
김민재,257,0.1439,411
준비,257,0.1439,547
디지털,257,0.1439,1184
복구,256,0.1433,3245
선제,253,0.1417,359
역할,253,0.1417,413
기능,253,0.1417,1221
정비,252,0.1411,861
인력,252,0.1411,591
처리,251,0.1405,1537
최선,251,0.1405,268
인명,249,0.1394,448
기여,249,0.1394,512
최소화,249,0.1394,337
수준,248,0.1389,473
경기,248,0.1389,696
데이터,244,0.1366,2000
본격,244,0.1366,345
이행,244,0.1366,454
중점,243,0.1361,389
과제,241,0.1349,717
소방,240,0.1344,529
지급,238,0.1333,1543
조직,238,0.1333,1051
온라인,237,0.1327,851
증가,236,0.1321,634
공간,236,0.1321,555
복지,236,0.1321,1496
심사,236,0.1321,857
대피,235,0.1316,745
등록,234,0.131,2411
위기,234,0.131,495
효과,232,0.1299,420
결정,231,0.1293,458
회복,231,0.1293,497
바탕,230,0.1288,288
방법,229,0.1282,422
경험,228,0.1277,396
자리,227,0.1271,283
경남,227,0.1271,649
총력,227,0.1271,351
경북,227,0.1271,727
일부,227,0.1271,662
요령,227,0.1271,493
전환,226,0.1265,561
전반,225,0.126,361
교통,224,0.1254,554
대통령,223,0.1249,953
전체,223,0.1249,506
해소,221,0.1237,333
수행,221,0.1237,482
최대,220,0.1232,398
플랫폼,220,0.1232,1151
기록,219,0.1226,1627
협업,219,0.1226,523
개정,219,0.1226,1160
부산,219,0.1226,545
제고,219,0.1226,518
이날,219,0.1226,249
예산,217,0.1215,655
완료,216,0.1209,415
기획,214,0.1198,1480
재난안전관리본부장,214,0.1198,401
행동,214,0.1198,478
공개,213,0.1193,714
가동,213,0.1193,368
방침,213,0.1193,235
향후,212,0.1187,306
충남,212,0.1187,568
장소,210,0.1176,382
호우,210,0.1176,720
장비,209,0.117,361
김광,209,0.117,460
전문,209,0.117,383
재정,208,0.1165,656
주제,207,0.1159,452
가치,206,0.1153,453
광주,206,0.1153,565
프로그램,204,0.1142,485
최종,204,0.1142,309
자연,203,0.1137,366
국내,202,0.1131,476
국제,201,0.1125,838
우려,200,0.112,365
검토,200,0.112,390
실제,200,0.112,297
협조,199,0.1114,262
도로,199,0.1114,551
동안,198,0.1109,246
위치,198,0.1109,696
계층,198,0.1109,480
공공기관,197,0.1103,543
강원,196,0.1097,677
의미,196,0.1097,288
모델,195,0.1092,635
주변,194,0.1086,408
시민,194,0.1086,436
주재,194,0.1086,242
이동,194,0.1086,417
성장,194,0.1086,538
철저,193,0.1081,261
일정,192,0.1075,306
영상,192,0.1075,555
대전,192,0.1075,413
예상,191,0.1069,391
연구,191,0.1069,765
제출,191,0.1069,524
개요,190,0.1064,490
전북,190,0.1064,483
기본,189,0.1058,512
주택,188,0.1053,1526
경찰,186,0.1041,381
동시,184,0.103,264
인천,184,0.103,413
우선,184,0.103,265
하천,182,0.1019,693
사람,181,0.1013,392
조정,181,0.1013,565
수요,181,0.1013,360
재해,181,0.1013,838
법령,181,0.1013,477
부담,181,0.1013,467
미래,180,0.1008,383
전략,180,0.1008,548
지방자치단체,179,0.1002,584
세부,179,0.1002,257
대구,179,0.1002,477
지능,178,0.0997,400
보건,178,0.0997,4088
인명피해,177,0.0991,307
구현,176,0.0985,317
일반,175,0.098,389
금융,175,0.098,3910
실시간,175,0.098,329
차량,174,0.0974,471
보고,174,0.0974,817
실태,173,0.0969,386
세계,172,0.0963,417
소방청,172,0.0963,1387
시대,171,0.0957,348
모니터링,171,0.0957,533
민원,171,0.0957,1384
비상,170,0.0952,330
침수,169,0.0946,466
가족,169,0.0946,460
유형,168,0.0941,431
제시,168,0.0941,238
목표,166,0.0929,308
기초,166,0.0929,465
여건,166,0.0929,271
공사,166,0.0929,545
특성,165,0.0924,299
어려움,164,0.0918,210
우수사례,163,0.0913,501
도시,162,0.0907,611
차질,162,0.0907,210
인사,161,0.0901,718
근거,161,0.0901,377
모바일,161,0.0901,1516
