source,date,away,home,away_pts,home_pts
sportsdataverse,2025-10-21,HOU,OKC,124,125
sportsdataverse,2025-10-21,GSW,LAL,119,109
sportsdataverse,2025-10-22,CLE,NYK,111,119
sportsdataverse,2025-10-22,BKN,CHA,117,136
sportsdataverse,2025-10-22,MIA,ORL,121,125
sportsdataverse,2025-10-22,TOR,ATL,138,118
sportsdataverse,2025-10-22,PHI,BOS,117,116
sportsdataverse,2025-10-22,DET,CHI,111,115
sportsdataverse,2025-10-22,NOP,MEM,122,128
sportsdataverse,2025-10-22,WAS,MIL,120,133
sportsdataverse,2025-10-22,LAC,UTA,108,129
sportsdataverse,2025-10-22,SAS,DAL,125,92
sportsdataverse,2025-10-22,SAC,PHX,116,120
sportsdataverse,2025-10-22,MIN,POR,118,114
sportsdataverse,2025-10-23,OKC,IND,141,135
sportsdataverse,2025-10-23,DEN,GSW,131,137
sportsdataverse,2025-10-24,MIL,TOR,122,116
sportsdataverse,2025-10-24,ATL,ORL,111,107
sportsdataverse,2025-10-24,CLE,BKN,131,124
sportsdataverse,2025-10-24,BOS,NYK,95,105
sportsdataverse,2025-10-24,DET,HOU,115,111
sportsdataverse,2025-10-24,MIA,MEM,146,114
sportsdataverse,2025-10-24,SAS,NOP,120,116
sportsdataverse,2025-10-24,WAS,DAL,117,107
sportsdataverse,2025-10-24,MIN,LAL,110,128
sportsdataverse,2025-10-24,GSW,POR,119,139
sportsdataverse,2025-10-24,UTA,SAC,104,105
sportsdataverse,2025-10-24,PHX,LAC,102,129
sportsdataverse,2025-10-25,CHI,ORL,110,98
sportsdataverse,2025-10-25,OKC,ATL,117,100
sportsdataverse,2025-10-25,CHA,PHI,121,125
sportsdataverse,2025-10-25,IND,MEM,103,128
sportsdataverse,2025-10-25,PHX,DEN,111,133
sportsdataverse,2025-10-26,BKN,SAS,107,118
sportsdataverse,2025-10-26,BOS,DET,113,119
sportsdataverse,2025-10-26,MIL,CLE,113,118
sportsdataverse,2025-10-26,NYK,MIA,107,115
sportsdataverse,2025-10-26,CHA,WAS,139,113
sportsdataverse,2025-10-26,IND,MIN,110,114
sportsdataverse,2025-10-26,TOR,DAL,129,139
sportsdataverse,2025-10-26,POR,LAC,107,114
sportsdataverse,2025-10-26,LAL,SAC,127,120
sportsdataverse,2025-10-27,CLE,DET,116,95
sportsdataverse,2025-10-27,ORL,PHI,124,136
sportsdataverse,2025-10-27,ATL,CHI,123,128
sportsdataverse,2025-10-27,BKN,HOU,109,137
sportsdataverse,2025-10-27,BOS,NOP,122,90
sportsdataverse,2025-10-27,TOR,SAS,103,121
sportsdataverse,2025-10-27,OKC,DAL,101,94
sportsdataverse,2025-10-27,PHX,UTA,134,138
sportsdataverse,2025-10-27,DEN,MIN,127,114
sportsdataverse,2025-10-27,MEM,GSW,118,131
sportsdataverse,2025-10-27,POR,LAL,122,108
sportsdataverse,2025-10-28,PHI,WAS,139,134
sportsdataverse,2025-10-28,CHA,MIA,117,144
sportsdataverse,2025-10-28,NYK,MIL,111,121
sportsdataverse,2025-10-28,SAC,OKC,101,107
sportsdataverse,2025-10-28,LAC,GSW,79,98
sportsdataverse,2025-10-29,HOU,TOR,139,121
sportsdataverse,2025-10-29,CLE,BOS,105,125
sportsdataverse,2025-10-29,ORL,DET,116,135
sportsdataverse,2025-10-29,ATL,BKN,117,112
sportsdataverse,2025-10-29,SAC,CHI,113,126
sportsdataverse,2025-10-29,IND,DAL,105,107
sportsdataverse,2025-10-29,NOP,DEN,88,122
sportsdataverse,2025-10-29,POR,UTA,136,134
sportsdataverse,2025-10-29,LAL,MIN,116,115
sportsdataverse,2025-10-29,MEM,PHX,114,113
sportsdataverse,2025-10-30,ORL,CHA,123,107
sportsdataverse,2025-10-30,GSW,MIL,110,120
sportsdataverse,2025-10-30,WAS,OKC,108,127
sportsdataverse,2025-10-30,MIA,SAS,101,107
sportsdataverse,2025-10-31,ATL,IND,128,108
sportsdataverse,2025-10-31,BOS,PHI,109,108
sportsdataverse,2025-10-31,TOR,CLE,112,101
sportsdataverse,2025-10-31,NYK,CHI,125,135
sportsdataverse,2025-10-31,LAL,MEM,117,112
sportsdataverse,2025-10-31,UTA,PHX,96,118
sportsdataverse,2025-10-31,DEN,POR,107,109
sportsdataverse,2025-10-31,NOP,LAC,124,126
sportsdataverse,2025-11-01,SAC,MIL,135,133
sportsdataverse,2025-11-01,MIN,CHA,122,105
sportsdataverse,2025-11-01,GSW,IND,109,114
sportsdataverse,2025-11-01,ORL,WAS,125,94
sportsdataverse,2025-11-01,HOU,BOS,128,101
sportsdataverse,2025-11-01,DAL,DET,110,122
sportsdataverse,2025-11-02,NOP,OKC,106,137
sportsdataverse,2025-11-02,PHI,BKN,129,105
sportsdataverse,2025-11-02,UTA,CHA,103,126
sportsdataverse,2025-11-02,ATL,CLE,109,117
sportsdataverse,2025-11-02,MEM,TOR,104,117
sportsdataverse,2025-11-02,CHI,NYK,116,128
sportsdataverse,2025-11-02,SAS,PHX,118,130
sportsdataverse,2025-11-02,MIA,LAL,120,130
sportsdataverse,2025-11-03,MIN,BKN,125,109
sportsdataverse,2025-11-03,MIL,IND,117,115
sportsdataverse,2025-11-03,UTA,BOS,105,103
sportsdataverse,2025-11-03,WAS,NYK,102,119
sportsdataverse,2025-11-03,DAL,HOU,102,110
sportsdataverse,2025-11-03,DET,MEM,114,106
sportsdataverse,2025-11-03,SAC,DEN,124,130
sportsdataverse,2025-11-03,LAL,POR,123,115
sportsdataverse,2025-11-03,MIA,LAC,120,119
sportsdataverse,2025-11-04,MIL,TOR,100,128
sportsdataverse,2025-11-04,ORL,ATL,112,127
sportsdataverse,2025-11-04,PHI,CHI,111,113
sportsdataverse,2025-11-04,CHA,NOP,112,116
sportsdataverse,2025-11-04,PHX,GSW,107,118
sportsdataverse,2025-11-04,OKC,LAC,126,107
sportsdataverse,2025-11-05,PHI,CLE,121,132
sportsdataverse,2025-11-05,UTA,DET,103,114
sportsdataverse,2025-11-05,BKN,IND,112,103
sportsdataverse,2025-11-05,WAS,BOS,107,136
sportsdataverse,2025-11-05,MIN,NYK,114,137
sportsdataverse,2025-11-05,HOU,MEM,124,109
sportsdataverse,2025-11-05,NOP,DAL,101,99
sportsdataverse,2025-11-05,MIA,DEN,112,122
sportsdataverse,2025-11-05,SAS,LAL,116,118
sportsdataverse,2025-11-05,OKC,POR,119,121
sportsdataverse,2025-11-05,GSW,SAC,116,121
sportsdataverse,2025-11-06,LAC,PHX,102,115
sportsdataverse,2025-11-07,BOS,ORL,110,123
sportsdataverse,2025-11-07,CLE,WAS,148,115
sportsdataverse,2025-11-07,TOR,ATL,109,97
sportsdataverse,2025-11-07,DET,BKN,125,107
sportsdataverse,2025-11-07,HOU,SAS,110,121
sportsdataverse,2025-11-07,CHA,MIA,108,126
sportsdataverse,2025-11-07,DAL,MEM,104,118
sportsdataverse,2025-11-07,CHI,MIL,110,126
sportsdataverse,2025-11-07,UTA,MIN,97,137
sportsdataverse,2025-11-07,GSW,DEN,104,129
sportsdataverse,2025-11-07,OKC,SAC,132,101
sportsdataverse,2025-11-08,DAL,WAS,111,105
sportsdataverse,2025-11-08,TOR,PHI,120,130
sportsdataverse,2025-11-08,LAL,ATL,102,122
sportsdataverse,2025-11-08,CHI,CLE,122,128
sportsdataverse,2025-11-08,POR,MIA,131,136
sportsdataverse,2025-11-08,NOP,SAS,119,126
sportsdataverse,2025-11-08,IND,DEN,100,117
sportsdataverse,2025-11-08,PHX,LAC,114,103
sportsdataverse,2025-11-09,HOU,MIL,122,115
sportsdataverse,2025-11-09,BKN,NYK,98,134
sportsdataverse,2025-11-09,BOS,ORL,111,107
sportsdataverse,2025-11-09,OKC,MEM,114,100
sportsdataverse,2025-11-09,DET,PHI,111,108
sportsdataverse,2025-11-09,IND,GSW,83,114
sportsdataverse,2025-11-09,MIN,SAC,144,117
sportsdataverse,2025-11-10,LAL,CHA,121,111
sportsdataverse,2025-11-10,WAS,DET,135,137
sportsdataverse,2025-11-10,POR,ORL,112,115
sportsdataverse,2025-11-10,CLE,MIA,138,140
sportsdataverse,2025-11-10,SAS,CHI,121,117
sportsdataverse,2025-11-10,MIL,DAL,116,114
sportsdataverse,2025-11-10,NOP,PHX,98,121
sportsdataverse,2025-11-10,MIN,UTA,120,113
sportsdataverse,2025-11-10,ATL,LAC,105,102
sportsdataverse,2025-11-11,TOR,BKN,119,109
sportsdataverse,2025-11-11,MEM,NYK,120,133
sportsdataverse,2025-11-11,BOS,PHI,100,102
sportsdataverse,2025-11-11,GSW,OKC,102,126
sportsdataverse,2025-11-11,IND,UTA,128,152
sportsdataverse,2025-11-11,DEN,SAC,122,108
sportsdataverse,2025-11-12,MIL,CHA,100,111
sportsdataverse,2025-11-12,CHI,DET,113,124
sportsdataverse,2025-11-12,ORL,NYK,124,107
sportsdataverse,2025-11-12,MEM,BOS,95,131
sportsdataverse,2025-11-12,CLE,MIA,130,116
sportsdataverse,2025-11-12,WAS,HOU,112,135
sportsdataverse,2025-11-12,POR,NOP,125,117
sportsdataverse,2025-11-12,GSW,SAS,125,120
sportsdataverse,2025-11-12,PHX,DAL,123,114
sportsdataverse,2025-11-12,LAL,OKC,92,121
sportsdataverse,2025-11-12,ATL,SAC,133,100
sportsdataverse,2025-11-12,DEN,LAC,130,116
sportsdataverse,2025-11-13,TOR,CLE,126,113
sportsdataverse,2025-11-13,IND,PHX,98,133
sportsdataverse,2025-11-13,ATL,UTA,132,122
sportsdataverse,2025-11-14,MIA,NYK,132,140
sportsdataverse,2025-11-14,BKN,ORL,98,105
sportsdataverse,2025-11-14,PHI,DET,105,114
sportsdataverse,2025-11-14,POR,HOU,116,140
sportsdataverse,2025-11-14,CHA,MIL,134,147
sportsdataverse,2025-11-14,SAC,MIN,110,124
sportsdataverse,2025-11-14,LAL,NOP,118,104
sportsdataverse,2025-11-14,LAC,DAL,133,127
sportsdataverse,2025-11-14,GSW,SAS,109,108
sportsdataverse,2025-11-15,MEM,CLE,100,108
sportsdataverse,2025-11-15,OKC,CHA,109,96
sportsdataverse,2025-11-15,TOR,IND,129,111
sportsdataverse,2025-11-15,LAL,MIL,119,95
sportsdataverse,2025-11-15,DEN,MIN,123,112
sportsdataverse,2025-11-16,LAC,BOS,118,121
sportsdataverse,2025-11-16,SAC,SAS,110,123
sportsdataverse,2025-11-16,BKN,WAS,129,106
sportsdataverse,2025-11-16,ORL,HOU,113,117
sportsdataverse,2025-11-16,GSW,NOP,124,106
sportsdataverse,2025-11-16,POR,DAL,133,138
sportsdataverse,2025-11-16,ATL,PHX,124,122
sportsdataverse,2025-11-16,CHI,UTA,147,150
sportsdataverse,2025-11-17,MIL,CLE,106,118
sportsdataverse,2025-11-17,IND,DET,112,127
sportsdataverse,2025-11-17,LAC,PHI,108,110
sportsdataverse,2025-11-17,NYK,MIA,113,115
sportsdataverse,2025-11-17,CHA,TOR,108,110
sportsdataverse,2025-11-17,DAL,MIN,96,120
sportsdataverse,2025-11-17,OKC,NOP,126,109
sportsdataverse,2025-11-17,CHI,DEN,130,127
sportsdataverse,2025-11-18,GSW,ORL,113,121
sportsdataverse,2025-11-18,BOS,BKN,113,99
sportsdataverse,2025-11-18,DET,ATL,120,112
sportsdataverse,2025-11-18,MEM,SAS,101,111
sportsdataverse,2025-11-18,UTA,LAL,126,140
sportsdataverse,2025-11-18,PHX,POR,127,110
sportsdataverse,2025-11-19,HOU,CLE,114,104
sportsdataverse,2025-11-19,CHA,IND,118,127
sportsdataverse,2025-11-19,TOR,PHI,121,112
sportsdataverse,2025-11-19,GSW,MIA,96,110
sportsdataverse,2025-11-19,WAS,MIN,109,120
sportsdataverse,2025-11-19,DEN,NOP,125,118
sportsdataverse,2025-11-19,SAC,OKC,99,113
sportsdataverse,2025-11-19,NYK,DAL,113,111
sportsdataverse,2025-11-19,CHI,POR,122,121
sportsdataverse,2025-11-20,LAC,ORL,101,129
sportsdataverse,2025-11-20,SAC,MEM,96,137
sportsdataverse,2025-11-20,PHI,MIL,123,114
sportsdataverse,2025-11-20,ATL,SAS,126,135
sportsdataverse,2025-11-21,IND,CLE,109,120
sportsdataverse,2025-11-21,BKN,BOS,113,105
sportsdataverse,2025-11-21,WAS,TOR,110,140
sportsdataverse,2025-11-21,MIA,CHI,143,107
sportsdataverse,2025-11-21,NOP,DAL,115,118
sportsdataverse,2025-11-21,MIN,PHX,113,114
sportsdataverse,2025-11-21,DEN,HOU,112,109
sportsdataverse,2025-11-21,OKC,UTA,144,112
sportsdataverse,2025-11-21,POR,GSW,127,123
sportsdataverse,2025-11-22,LAC,CHA,131,116
sportsdataverse,2025-11-22,NYK,ORL,121,133
sportsdataverse,2025-11-22,ATL,NOP,115,98
sportsdataverse,2025-11-22,WAS,CHI,120,121
sportsdataverse,2025-11-22,DET,MIL,129,116
sportsdataverse,2025-11-22,MEM,DAL,102,96
sportsdataverse,2025-11-22,SAC,DEN,128,123
sportsdataverse,2025-11-23,MIA,PHI,127,117
sportsdataverse,2025-11-23,CHA,ATL,110,113
sportsdataverse,2025-11-23,ORL,BOS,129,138
sportsdataverse,2025-11-23,LAC,CLE,105,120
sportsdataverse,2025-11-23,BKN,TOR,109,119
sportsdataverse,2025-11-23,POR,OKC,95,122
sportsdataverse,2025-11-23,SAS,PHX,102,111
sportsdataverse,2025-11-23,LAL,UTA,108,106
sportsdataverse,2025-11-24,DET,IND,122,117
sportsdataverse,2025-11-24,CLE,TOR,99,110
sportsdataverse,2025-11-24,NYK,BKN,113,100
sportsdataverse,2025-11-24,DAL,MIA,102,106
sportsdataverse,2025-11-24,DEN,MEM,125,115
sportsdataverse,2025-11-24,POR,MIL,115,103
sportsdataverse,2025-11-24,CHI,NOP,130,143
sportsdataverse,2025-11-24,HOU,PHX,114,92
sportsdataverse,2025-11-24,UTA,GSW,117,134
sportsdataverse,2025-11-24,MIN,SAC,112,117
sportsdataverse,2025-11-25,ATL,WAS,113,132
sportsdataverse,2025-11-25,ORL,PHI,144,103
sportsdataverse,2025-11-25,LAC,LAL,118,135
sportsdataverse,2025-11-26,DET,BOS,114,117
sportsdataverse,2025-11-26,NYK,CHA,129,101
sportsdataverse,2025-11-26,MIL,MIA,103,106
sportsdataverse,2025-11-26,IND,TOR,95,97
sportsdataverse,2025-11-26,MIN,OKC,105,113
sportsdataverse,2025-11-26,MEM,NOP,133,128
sportsdataverse,2025-11-26,HOU,GSW,104,100
sportsdataverse,2025-11-26,SAS,POR,115,102
sportsdataverse,2025-11-26,PHX,SAC,112,100
sportsdataverse,2025-11-28,CLE,ATL,123,130
sportsdataverse,2025-11-28,PHI,BKN,115,103
sportsdataverse,2025-11-28,CHI,CHA,116,123
sportsdataverse,2025-11-28,ORL,DET,112,109
sportsdataverse,2025-11-28,WAS,IND,86,119
sportsdataverse,2025-11-28,MIL,NYK,109,118
sportsdataverse,2025-11-28,PHX,OKC,119,123
sportsdataverse,2025-11-28,SAS,DEN,139,136
sportsdataverse,2025-11-28,SAC,UTA,119,128
sportsdataverse,2025-11-28,DAL,LAL,119,129
sportsdataverse,2025-11-28,MEM,LAC,112,107
sportsdataverse,2025-11-29,BOS,MIN,115,119
sportsdataverse,2025-11-29,TOR,CHA,111,118
sportsdataverse,2025-11-29,CHI,IND,101,103
sportsdataverse,2025-11-29,DET,MIA,138,135
sportsdataverse,2025-11-29,BKN,MIL,99,116
sportsdataverse,2025-11-29,NOP,GSW,96,104
sportsdataverse,2025-11-29,DEN,PHX,130,112
sportsdataverse,2025-11-29,DAL,LAC,114,110
sportsdataverse,2025-11-30,HOU,UTA,129,101
sportsdataverse,2025-11-30,BOS,CLE,117,115
sportsdataverse,2025-11-30,TOR,NYK,94,116
sportsdataverse,2025-11-30,ATL,PHI,142,134
sportsdataverse,2025-11-30,OKC,POR,123,115
sportsdataverse,2025-11-30,SAS,MIN,112,125
sportsdataverse,2025-11-30,MEM,SAC,115,107
sportsdataverse,2025-11-30,NOP,LAL,121,133
sportsdataverse,2025-12-01,ATL,DET,98,99
sportsdataverse,2025-12-01,CLE,IND,135,119
sportsdataverse,2025-12-01,MIL,WAS,126,129
sportsdataverse,2025-12-01,CHA,BKN,103,116
sportsdataverse,2025-12-01,LAC,MIA,123,140
sportsdataverse,2025-12-01,CHI,ORL,120,125
sportsdataverse,2025-12-01,DAL,DEN,131,121
sportsdataverse,2025-12-01,HOU,UTA,125,133
sportsdataverse,2025-12-01,PHX,LAL,125,108
sportsdataverse,2025-12-02,WAS,PHI,102,121
sportsdataverse,2025-12-02,POR,TOR,118,121
sportsdataverse,2025-12-02,NYK,BOS,117,123
sportsdataverse,2025-12-02,MIN,NOP,149,142
sportsdataverse,2025-12-02,MEM,SAS,119,126
sportsdataverse,2025-12-02,OKC,GSW,124,112
sportsdataverse,2025-12-03,POR,CLE,122,110
sportsdataverse,2025-12-03,DEN,IND,135,120
sportsdataverse,2025-12-03,SAS,ORL,114,112
sportsdataverse,2025-12-03,LAC,ATL,115,92
sportsdataverse,2025-12-03,CHA,NYK,104,119
sportsdataverse,2025-12-03,BKN,CHI,113,103
sportsdataverse,2025-12-03,SAC,HOU,95,121
sportsdataverse,2025-12-03,DET,MIL,109,113
sportsdataverse,2025-12-03,MIA,DAL,108,118
sportsdataverse,2025-12-04,GSW,PHI,98,99
sportsdataverse,2025-12-04,BOS,WAS,146,101
sportsdataverse,2025-12-04,UTA,BKN,123,110
sportsdataverse,2025-12-04,LAL,TOR,123,120
sportsdataverse,2025-12-04,MIN,NOP,125,116
sportsdataverse,2025-12-05,LAL,BOS,105,126
sportsdataverse,2025-12-05,MIA,ORL,105,106
sportsdataverse,2025-12-05,DEN,ATL,134,133
sportsdataverse,2025-12-05,SAS,CLE,117,130
sportsdataverse,2025-12-05,POR,DET,116,122
sportsdataverse,2025-12-05,UTA,NYK,112,146
sportsdataverse,2025-12-05,CHA,TOR,111,86
sportsdataverse,2025-12-05,IND,CHI,120,105
sportsdataverse,2025-12-05,PHX,HOU,98,117
sportsdataverse,2025-12-05,LAC,MEM,98,107
sportsdataverse,2025-12-05,PHI,MIL,116,101
sportsdataverse,2025-12-05,DAL,OKC,111,132
sportsdataverse,2025-12-06,NOP,BKN,101,119
sportsdataverse,2025-12-06,ATL,WAS,131,116
sportsdataverse,2025-12-06,GSW,CLE,99,94
sportsdataverse,2025-12-06,MIL,DET,112,124
sportsdataverse,2025-12-06,SAC,MIA,127,111
sportsdataverse,2025-12-06,LAC,MIN,106,109
sportsdataverse,2025-12-06,HOU,DAL,109,122
sportsdataverse,2025-12-07,ORL,NYK,100,106
sportsdataverse,2025-12-07,BOS,TOR,121,113
sportsdataverse,2025-12-07,DEN,CHA,115,106
sportsdataverse,2025-12-07,POR,MEM,96,119
sportsdataverse,2025-12-07,GSW,CHI,123,91
sportsdataverse,2025-12-07,LAL,PHI,112,108
sportsdataverse,2025-12-07,OKC,UTA,131,101
sportsdataverse,2025-12-08,SAC,IND,105,116
sportsdataverse,2025-12-08,PHX,MIN,108,105
sportsdataverse,2025-12-08,SAS,NOP,135,132
sportsdataverse,2025-12-09,MIA,ORL,108,117
sportsdataverse,2025-12-09,NYK,TOR,117,101
sportsdataverse,2025-12-10,PHX,OKC,89,138
sportsdataverse,2025-12-10,SAS,LAL,132,119
sportsdataverse,2025-12-11,LAC,HOU,113,115
sportsdataverse,2025-12-11,BOS,MIL,101,116
sportsdataverse,2025-12-11,POR,NOP,120,143
sportsdataverse,2025-12-11,DEN,SAC,136,105
sportsdataverse,2025-12-12,CHI,CHA,129,126
sportsdataverse,2025-12-12,ATL,DET,115,142
sportsdataverse,2025-12-12,IND,PHI,105,115
sportsdataverse,2025-12-12,CLE,WAS,130,126
sportsdataverse,2025-12-12,UTA,MEM,130,126
sportsdataverse,2025-12-12,BKN,DAL,111,119
sportsdataverse,2025-12-12,MIN,GSW,127,120
sportsdataverse,2025-12-13,NYK,ORL,132,120
sportsdataverse,2025-12-13,SAS,OKC,111,109
sportsdataverse,2025-12-14,WAS,IND,108,89
sportsdataverse,2025-12-14,CHA,CLE,119,111
sportsdataverse,2025-12-14,PHI,ATL,117,120
sportsdataverse,2025-12-14,MIL,BKN,82,127
sportsdataverse,2025-12-14,SAC,MIN,103,117
sportsdataverse,2025-12-14,NOP,CHI,114,104
sportsdataverse,2025-12-14,LAL,PHX,116,114
sportsdataverse,2025-12-14,GSW,POR,131,136
sportsdataverse,2025-12-15,DET,BOS,112,105
sportsdataverse,2025-12-15,TOR,MIA,106,96
sportsdataverse,2025-12-15,DAL,UTA,133,140
sportsdataverse,2025-12-15,HOU,DEN,125,128
sportsdataverse,2025-12-15,MEM,LAC,121,103
sportsdataverse,2025-12-17,CLE,CHI,111,127
sportsdataverse,2025-12-17,MEM,MIN,116,110
sportsdataverse,2025-12-18,ATL,CHA,126,133
sportsdataverse,2025-12-18,NYK,IND,114,113
sportsdataverse,2025-12-18,MIA,BKN,106,95
sportsdataverse,2025-12-18,LAC,OKC,101,122
sportsdataverse,2025-12-18,WAS,SAS,94,119
sportsdataverse,2025-12-18,TOR,MIL,111,105
sportsdataverse,2025-12-18,HOU,NOP,128,133
sportsdataverse,2025-12-18,DET,DAL,114,116
sportsdataverse,2025-12-18,ORL,DEN,115,126
sportsdataverse,2025-12-18,GSW,PHX,98,99
sportsdataverse,2025-12-18,LAL,UTA,143,135
sportsdataverse,2025-12-18,SAC,POR,133,134
sportsdataverse,2025-12-19,MIA,BOS,116,129
sportsdataverse,2025-12-19,PHI,NYK,116,107
sportsdataverse,2025-12-19,SAS,ATL,126,98
sportsdataverse,2025-12-19,CHI,CLE,136,125
sportsdataverse,2025-12-19,OKC,MIN,107,112
sportsdataverse,2025-12-20,HOU,DEN,115,101
sportsdataverse,2025-12-20,DAL,PHI,114,121
sportsdataverse,2025-12-20,BOS,TOR,112,96
sportsdataverse,2025-12-20,IND,NOP,109,128
sportsdataverse,2025-12-20,CHA,DET,86,112
sportsdataverse,2025-12-20,WAS,MEM,130,122
sportsdataverse,2025-12-20,PHX,GSW,116,119
sportsdataverse,2025-12-20,ORL,UTA,128,127
sportsdataverse,2025-12-20,POR,SAC,98,93
sportsdataverse,2025-12-20,LAL,LAC,88,103
sportsdataverse,2025-12-21,CHI,ATL,152,150
sportsdataverse,2025-12-21,TOR,BKN,81,96
sportsdataverse,2025-12-21,MIA,NYK,125,132
sportsdataverse,2025-12-21,SAS,WAS,124,113
sportsdataverse,2025-12-21,MIL,MIN,100,103
sportsdataverse,2025-12-21,HOU,SAC,124,125
sportsdataverse,2025-12-22,CHA,CLE,132,139
sportsdataverse,2025-12-22,IND,BOS,95,103
sportsdataverse,2025-12-22,DAL,NOP,113,119
sportsdataverse,2025-12-22,UTA,DEN,112,135
sportsdataverse,2025-12-22,MEM,OKC,103,119
sportsdataverse,2025-12-22,ORL,GSW,97,120
sportsdataverse,2025-12-22,DET,POR,110,102
sportsdataverse,2025-12-23,WAS,CHA,109,126
sportsdataverse,2025-12-23,BKN,PHI,114,106
sportsdataverse,2025-12-23,CHI,ATL,126,123
sportsdataverse,2025-12-23,NOP,CLE,118,141
sportsdataverse,2025-12-23,MIL,IND,111,94
sportsdataverse,2025-12-23,TOR,MIA,112,91
sportsdataverse,2025-12-23,DEN,DAL,130,131
sportsdataverse,2025-12-23,NYK,MIN,104,115
sportsdataverse,2025-12-23,OKC,SAS,110,130
sportsdataverse,2025-12-23,LAL,PHX,108,132
sportsdataverse,2025-12-23,MEM,UTA,137,128
sportsdataverse,2025-12-23,ORL,POR,110,106
sportsdataverse,2025-12-23,DET,SAC,136,127
sportsdataverse,2025-12-23,HOU,LAC,108,128
sportsdataverse,2025-12-25,CLE,NYK,124,126
sportsdataverse,2025-12-25,SAS,OKC,117,102
sportsdataverse,2025-12-25,DAL,GSW,116,126
sportsdataverse,2025-12-25,HOU,LAL,119,96
sportsdataverse,2025-12-25,MIN,DEN,138,142
sportsdataverse,2025-12-26,MIA,ATL,126,111
sportsdataverse,2025-12-26,CHA,ORL,120,105
sportsdataverse,2025-12-26,TOR,WAS,117,138
sportsdataverse,2025-12-26,BOS,IND,140,122
sportsdataverse,2025-12-26,PHI,CHI,102,109
sportsdataverse,2025-12-26,MIL,MEM,104,125
sportsdataverse,2025-12-26,PHX,NOP,115,108
sportsdataverse,2025-12-26,DET,UTA,129,131
sportsdataverse,2025-12-26,LAC,POR,119,103
sportsdataverse,2025-12-27,DAL,SAC,107,113
sportsdataverse,2025-12-27,DEN,ORL,126,127
sportsdataverse,2025-12-27,PHX,NOP,123,114
sportsdataverse,2025-12-27,NYK,ATL,128,125
sportsdataverse,2025-12-27,IND,MIA,116,142
sportsdataverse,2025-12-27,MIL,CHI,112,103
sportsdataverse,2025-12-27,CLE,HOU,100,117
sportsdataverse,2025-12-27,BKN,MIN,123,107
sportsdataverse,2025-12-27,UTA,SAS,127,114
sportsdataverse,2025-12-28,GSW,TOR,127,141
sportsdataverse,2025-12-28,PHI,OKC,104,129
sportsdataverse,2025-12-28,MEM,WAS,112,116
sportsdataverse,2025-12-28,BOS,POR,108,114
sportsdataverse,2025-12-28,DET,LAC,99,112
sportsdataverse,2025-12-28,SAC,LAL,101,125
sportsdataverse,2025-12-29,MIL,CHA,123,113
sportsdataverse,2025-12-29,PHX,WAS,115,101
sportsdataverse,2025-12-29,GSW,BKN,120,107
sportsdataverse,2025-12-29,DEN,MIA,123,147
sportsdataverse,2025-12-29,ORL,TOR,106,107
sportsdataverse,2025-12-29,MIN,CHI,136,101
sportsdataverse,2025-12-29,IND,HOU,119,126
sportsdataverse,2025-12-29,NYK,NOP,130,125
sportsdataverse,2025-12-29,ATL,OKC,129,140
sportsdataverse,2025-12-29,CLE,SAS,113,101
sportsdataverse,2025-12-29,DAL,POR,122,125
sportsdataverse,2025-12-30,PHI,MEM,139,136
sportsdataverse,2025-12-30,BOS,UTA,129,119
sportsdataverse,2025-12-30,DET,LAL,128,106
sportsdataverse,2025-12-30,SAC,LAC,90,131
sportsdataverse,2025-12-31,GSW,CHA,132,125
sportsdataverse,2025-12-31,MIN,ATL,102,126
sportsdataverse,2025-12-31,ORL,IND,112,110
sportsdataverse,2025-12-31,PHX,CLE,113,129
sportsdataverse,2025-12-31,NOP,CHI,118,134
sportsdataverse,2025-12-31,NYK,SAS,132,134
sportsdataverse,2025-12-31,DEN,TOR,106,103
sportsdataverse,2025-12-31,WAS,MIL,114,113
sportsdataverse,2025-12-31,POR,OKC,95,124
sportsdataverse,2026-01-01,HOU,BKN,120,96
sportsdataverse,2026-01-01,MIA,DET,118,112
sportsdataverse,2026-01-01,PHI,DAL,123,108
sportsdataverse,2026-01-01,BOS,SAC,120,106
sportsdataverse,2026-01-01,UTA,LAC,101,118
sportsdataverse,2026-01-02,SAS,IND,123,113
sportsdataverse,2026-01-02,BKN,WAS,99,119
sportsdataverse,2026-01-02,DEN,CLE,108,113
sportsdataverse,2026-01-02,ATL,NYK,111,99
sportsdataverse,2026-01-02,ORL,CHI,114,121
sportsdataverse,2026-01-02,CHA,MIL,121,122
sportsdataverse,2026-01-02,POR,NOP,122,109
sportsdataverse,2026-01-02,SAC,PHX,102,129
sportsdataverse,2026-01-02,OKC,GSW,131,94
sportsdataverse,2026-01-02,MEM,LAL,121,128
sportsdataverse,2026-01-03,MIN,MIA,125,115
sportsdataverse,2026-01-03,PHI,NYK,130,119
sportsdataverse,2026-01-03,ATL,TOR,117,134
sportsdataverse,2026-01-03,CHA,CHI,112,99
sportsdataverse,2026-01-03,POR,SAS,115,110
sportsdataverse,2026-01-03,HOU,DAL,104,110
sportsdataverse,2026-01-03,UTA,GSW,114,123
sportsdataverse,2026-01-03,BOS,LAC,146,115
sportsdataverse,2026-01-04,DET,CLE,114,110
sportsdataverse,2026-01-04,IND,ORL,127,135
sportsdataverse,2026-01-04,DEN,BKN,115,127
sportsdataverse,2026-01-04,NOP,MIA,106,125
sportsdataverse,2026-01-04,MIN,WAS,141,115
sportsdataverse,2026-01-04,OKC,PHX,105,108
sportsdataverse,2026-01-04,MIL,SAC,115,98
sportsdataverse,2026-01-04,MEM,LAL,114,120
sportsdataverse,2026-01-05,NYK,DET,90,121
sportsdataverse,2026-01-05,CHI,BOS,101,115
sportsdataverse,2026-01-05,ATL,TOR,100,118
sportsdataverse,2026-01-05,PHX,HOU,97,100
sportsdataverse,2026-01-05,CHA,OKC,124,97
sportsdataverse,2026-01-05,DEN,PHI,125,124
sportsdataverse,2026-01-05,GSW,LAC,102,103
sportsdataverse,2026-01-05,UTA,POR,117,137
sportsdataverse,2026-01-06,CLE,IND,120,116
sportsdataverse,2026-01-06,ORL,WAS,112,120
sportsdataverse,2026-01-06,SAS,MEM,105,106
sportsdataverse,2026-01-06,MIA,MIN,94,122
sportsdataverse,2026-01-06,LAL,NOP,111,103
sportsdataverse,2026-01-06,DAL,SAC,100,98
sportsdataverse,2026-01-07,TOR,CHA,97,96
sportsdataverse,2026-01-07,CHI,DET,93,108
sportsdataverse,2026-01-07,WAS,PHI,110,131
sportsdataverse,2026-01-07,DEN,BOS,114,110
sportsdataverse,2026-01-07,NOP,ATL,100,117
sportsdataverse,2026-01-07,ORL,BKN,104,103
sportsdataverse,2026-01-07,LAC,NYK,111,123
sportsdataverse,2026-01-07,PHX,MEM,117,98
sportsdataverse,2026-01-07,UTA,OKC,125,129
sportsdataverse,2026-01-07,LAL,SAS,91,107
sportsdataverse,2026-01-07,MIL,GSW,113,120
sportsdataverse,2026-01-07,HOU,POR,102,103
sportsdataverse,2026-01-08,IND,CHA,114,112
sportsdataverse,2026-01-08,CLE,MIN,122,131
sportsdataverse,2026-01-08,DAL,UTA,114,116
sportsdataverse,2026-01-09,TOR,BOS,117,125
sportsdataverse,2026-01-09,PHI,ORL,103,91
sportsdataverse,2026-01-09,NOP,WAS,128,107
sportsdataverse,2026-01-09,LAC,BKN,121,105
sportsdataverse,2026-01-09,OKC,MEM,117,116
sportsdataverse,2026-01-09,ATL,DEN,110,87
sportsdataverse,2026-01-09,NYK,PHX,107,112
sportsdataverse,2026-01-09,SAC,GSW,103,137
sportsdataverse,2026-01-09,HOU,POR,105,111
sportsdataverse,2026-01-09,MIL,LAL,105,101
sportsdataverse,2026-01-10,MIN,CLE,134,146
sportsdataverse,2026-01-10,MIA,IND,99,123
sportsdataverse,2026-01-10,LAC,DET,98,92
sportsdataverse,2026-01-10,SAS,BOS,100,95
sportsdataverse,2026-01-10,DAL,CHI,107,125
sportsdataverse,2026-01-10,CHA,UTA,150,95
sportsdataverse,2026-01-11,NOP,ORL,118,128
sportsdataverse,2026-01-11,BKN,MEM,98,103
sportsdataverse,2026-01-11,PHI,TOR,115,116
sportsdataverse,2026-01-11,NYK,POR,123,114
sportsdataverse,2026-01-11,SAS,MIN,103,104
sportsdataverse,2026-01-11,MIA,OKC,112,124
sportsdataverse,2026-01-11,MIL,DEN,104,108
sportsdataverse,2026-01-11,WAS,PHX,93,112
sportsdataverse,2026-01-11,ATL,GSW,124,111
sportsdataverse,2026-01-11,HOU,SAC,98,111
sportsdataverse,2026-01-12,UTA,CLE,123,112
sportsdataverse,2026-01-12,BOS,IND,96,98
sportsdataverse,2026-01-12,PHI,TOR,115,102
sportsdataverse,2026-01-12,BKN,DAL,105,113
sportsdataverse,2026-01-12,LAL,SAC,112,124
sportsdataverse,2026-01-12,CHA,LAC,109,117
sportsdataverse,2026-01-13,PHX,MIA,121,127
sportsdataverse,2026-01-13,CHI,HOU,113,119
sportsdataverse,2026-01-13,MIN,MIL,139,106
sportsdataverse,2026-01-13,DEN,NOP,122,116
sportsdataverse,2026-01-13,SAS,OKC,98,119
sportsdataverse,2026-01-13,ATL,LAL,116,141
sportsdataverse,2026-01-13,POR,GSW,97,119
sportsdataverse,2026-01-14,TOR,IND,115,101
sportsdataverse,2026-01-14,CLE,PHI,133,107
sportsdataverse,2026-01-14,UTA,CHI,126,128
sportsdataverse,2026-01-14,BKN,NOP,113,116
sportsdataverse,2026-01-14,DEN,DAL,118,109
sportsdataverse,2026-01-14,NYK,SAC,101,112
sportsdataverse,2026-01-14,WAS,LAC,105,119
sportsdataverse,2026-01-15,MEM,ORL,111,118
sportsdataverse,2026-01-15,PHX,DET,105,108
sportsdataverse,2026-01-15,BOS,MIA,119,114
sportsdataverse,2026-01-15,OKC,HOU,111,91
sportsdataverse,2026-01-15,MIL,SAS,101,119
sportsdataverse,2026-01-15,UTA,DAL,122,144
sportsdataverse,2026-01-15,NYK,GSW,113,126
sportsdataverse,2026-01-15,ATL,POR,101,117
sportsdataverse,2026-01-15,CHA,LAL,135,117
sportsdataverse,2026-01-16,NOP,IND,119,127
sportsdataverse,2026-01-16,CLE,PHI,117,115
sportsdataverse,2026-01-16,CHI,BKN,109,112
sportsdataverse,2026-01-16,LAC,TOR,121,117
sportsdataverse,2026-01-16,MIN,HOU,105,110
sportsdataverse,2026-01-16,WAS,SAC,115,128
sportsdataverse,2026-01-17,UTA,DAL,120,138
sportsdataverse,2026-01-17,BOS,ATL,132,106
sportsdataverse,2026-01-17,IND,DET,78,121
sportsdataverse,2026-01-17,PHX,NYK,106,99
sportsdataverse,2026-01-17,OKC,MIA,120,122
sportsdataverse,2026-01-17,MIN,SAS,123,126
sportsdataverse,2026-01-17,CHA,GSW,116,136
sportsdataverse,2026-01-17,WAS,DEN,115,121
sportsdataverse,2026-01-17,LAL,POR,116,132
sportsdataverse,2026-01-18,ORL,MEM,109,126
sportsdataverse,2026-01-18,BKN,CHI,102,124
sportsdataverse,2026-01-18,NOP,HOU,110,119
sportsdataverse,2026-01-18,CHA,DEN,110,87
sportsdataverse,2026-01-18,POR,SAC,117,110
sportsdataverse,2026-01-18,TOR,LAL,93,110
sportsdataverse,2026-01-19,MIL,ATL,112,110
sportsdataverse,2026-01-19,OKC,CLE,136,104
sportsdataverse,2026-01-19,LAC,WAS,110,106
sportsdataverse,2026-01-19,DAL,NYK,114,97
sportsdataverse,2026-01-19,UTA,SAS,110,123
sportsdataverse,2026-01-19,IND,PHI,104,113
sportsdataverse,2026-01-19,PHX,BKN,126,117
sportsdataverse,2026-01-19,BOS,DET,103,104
sportsdataverse,2026-01-19,MIA,GSW,112,135
sportsdataverse,2026-01-20,PHX,PHI,116,110
sportsdataverse,2026-01-20,LAC,CHI,110,138
sportsdataverse,2026-01-20,SAS,HOU,106,111
sportsdataverse,2026-01-20,MIN,UTA,122,127
sportsdataverse,2026-01-20,LAL,DEN,115,107
sportsdataverse,2026-01-20,TOR,GSW,145,127
sportsdataverse,2026-01-20,MIA,SAC,130,117
sportsdataverse,2026-01-21,CLE,CHA,94,87
sportsdataverse,2026-01-21,IND,BOS,104,119
sportsdataverse,2026-01-21,BKN,NYK,66,120
sportsdataverse,2026-01-21,ATL,MEM,124,122
sportsdataverse,2026-01-21,DET,NOP,112,104
sportsdataverse,2026-01-21,OKC,MIL,122,102
sportsdataverse,2026-01-21,TOR,SAC,122,109
sportsdataverse,2026-01-22,CHA,ORL,124,97
sportsdataverse,2026-01-22,HOU,PHI,122,128
sportsdataverse,2026-01-22,DEN,WAS,107,97
sportsdataverse,2026-01-22,GSW,DAL,115,123
sportsdataverse,2026-01-22,CHI,MIN,120,115
sportsdataverse,2026-01-22,SAS,UTA,126,109
sportsdataverse,2026-01-22,LAL,LAC,104,112
sportsdataverse,2026-01-22,MIA,POR,110,127
sportsdataverse,2026-01-23,HOU,DET,111,104
sportsdataverse,2026-01-23,PHX,ATL,103,110
sportsdataverse,2026-01-23,BOS,BKN,130,126
sportsdataverse,2026-01-23,SAC,CLE,118,123
sportsdataverse,2026-01-23,NOP,MEM,133,127
sportsdataverse,2026-01-23,IND,OKC,117,114
sportsdataverse,2026-01-23,DEN,MIL,102,100
sportsdataverse,2026-01-23,TOR,POR,110,98
sportsdataverse,2026-01-24,WAS,CHA,115,119
sportsdataverse,2026-01-24,NYK,PHI,112,109
sportsdataverse,2026-01-24,CLE,ORL,119,105
sportsdataverse,2026-01-24,BOS,CHI,111,114
sportsdataverse,2026-01-24,LAL,DAL,116,110
sportsdataverse,2026-01-24,MIA,UTA,147,116
sportsdataverse,2026-01-25,SAC,DET,116,139
sportsdataverse,2026-01-25,GSW,MIN,111,85
sportsdataverse,2026-01-25,TOR,OKC,103,101
sportsdataverse,2026-01-25,NOP,SAS,104,95
sportsdataverse,2026-01-25,MIA,PHX,111,102
sportsdataverse,2026-01-25,BKN,LAC,89,126
sportsdataverse,2026-01-26,IND,ATL,116,132
sportsdataverse,2026-01-26,PHI,CHA,93,130
sportsdataverse,2026-01-26,ORL,CLE,98,114
sportsdataverse,2026-01-26,POR,BOS,94,102
sportsdataverse,2026-01-26,LAL,CHI,129,118
sportsdataverse,2026-01-26,MEM,HOU,99,108
sportsdataverse,2026-01-26,GSW,MIN,83,108
sportsdataverse,2026-01-27,POR,WAS,111,115
sportsdataverse,2026-01-27,SAC,NYK,87,103
sportsdataverse,2026-01-27,MIL,PHI,122,139
sportsdataverse,2026-01-27,NOP,OKC,95,104
sportsdataverse,2026-01-27,DET,DEN,109,107
sportsdataverse,2026-01-27,BKN,PHX,102,106
sportsdataverse,2026-01-27,LAC,UTA,115,103
sportsdataverse,2026-01-28,LAL,CLE,99,129
sportsdataverse,2026-01-28,CHI,IND,110,113
sportsdataverse,2026-01-28,ATL,BOS,117,106
sportsdataverse,2026-01-28,ORL,MIA,133,124
sportsdataverse,2026-01-28,NYK,TOR,119,92
sportsdataverse,2026-01-28,CHA,MEM,112,97
sportsdataverse,2026-01-28,MIN,DAL,118,105
sportsdataverse,2026-01-28,GSW,UTA,140,124
sportsdataverse,2026-01-28,SAS,HOU,111,99
sportsdataverse,2026-01-29,SAC,PHI,111,113
sportsdataverse,2026-01-29,MIL,WAS,99,109
sportsdataverse,2026-01-29,HOU,ATL,104,86
sportsdataverse,2026-01-29,MIA,CHI,116,113
sportsdataverse,2026-01-29,CHA,DAL,123,121
sportsdataverse,2026-01-29,BKN,DEN,103,107
sportsdataverse,2026-01-29,DET,PHX,96,114
sportsdataverse,2026-01-29,OKC,MIN,111,123
sportsdataverse,2026-01-30,LAL,WAS,142,111
sportsdataverse,2026-01-30,TOR,ORL,120,130
sportsdataverse,2026-01-30,SAC,BOS,93,112
sportsdataverse,2026-01-30,POR,NYK,97,127
sportsdataverse,2026-01-30,MEM,NOP,106,114
sportsdataverse,2026-01-30,CLE,PHX,113,126
sportsdataverse,2026-01-30,LAC,DEN,109,122
sportsdataverse,2026-01-30,BKN,UTA,109,99
sportsdataverse,2026-01-30,DET,GSW,131,124
sportsdataverse,2026-01-31,SAS,CHA,106,111
sportsdataverse,2026-01-31,ATL,IND,124,129
sportsdataverse,2026-01-31,NOP,PHI,114,124
sportsdataverse,2026-01-31,CHI,MIA,125,118
sportsdataverse,2026-01-31,MIN,MEM,131,114
sportsdataverse,2026-01-31,DAL,HOU,107,111
sportsdataverse,2026-02-01,MIL,BOS,79,107
sportsdataverse,2026-02-01,BKN,DET,77,130
sportsdataverse,2026-02-01,CHI,MIA,91,134
sportsdataverse,2026-02-01,UTA,TOR,100,107
sportsdataverse,2026-02-01,SAC,WAS,112,116
sportsdataverse,2026-02-01,LAL,NYK,100,112
sportsdataverse,2026-02-01,LAC,PHX,117,93
sportsdataverse,2026-02-01,ORL,SAS,103,112
sportsdataverse,2026-02-01,CLE,POR,130,111
sportsdataverse,2026-02-01,OKC,DEN,121,111
sportsdataverse,2026-02-02,NOP,CHA,95,102
sportsdataverse,2026-02-02,HOU,IND,118,114
sportsdataverse,2026-02-02,MIN,MEM,128,137
sportsdataverse,2026-02-02,PHI,LAC,128,113
sportsdataverse,2026-02-03,DEN,DET,121,124
sportsdataverse,2026-02-03,UTA,IND,131,122
sportsdataverse,2026-02-03,NYK,WAS,132,101
sportsdataverse,2026-02-03,LAL,BKN,125,109
sportsdataverse,2026-02-03,ATL,MIA,127,115
sportsdataverse,2026-02-03,BOS,DAL,110,100
sportsdataverse,2026-02-03,CHI,MIL,115,131
sportsdataverse,2026-02-03,ORL,OKC,92,128
sportsdataverse,2026-02-03,PHI,GSW,113,94
sportsdataverse,2026-02-03,PHX,POR,130,125
sportsdataverse,2026-02-04,DEN,NYK,127,134
sportsdataverse,2026-02-04,MIN,TOR,128,126
sportsdataverse,2026-02-04,BOS,HOU,114,93
sportsdataverse,2026-02-04,NOP,MIL,137,141
sportsdataverse,2026-02-04,OKC,SAS,106,116
sportsdataverse,2026-02-04,MEM,SAC,129,125
sportsdataverse,2026-02-04,CLE,LAC,124,91
sportsdataverse,2026-02-05,WAS,DET,126,117
sportsdataverse,2026-02-05,BKN,ORL,98,118
sportsdataverse,2026-02-05,UTA,ATL,119,121
sportsdataverse,2026-02-05,CHI,TOR,107,123
sportsdataverse,2026-02-05,CHA,HOU,109,99
sportsdataverse,2026-02-05,SAS,DAL,135,123
sportsdataverse,2026-02-05,GSW,PHX,101,97
sportsdataverse,2026-02-05,PHI,LAL,115,119
sportsdataverse,2026-02-06,MIA,BOS,96,98
sportsdataverse,2026-02-06,NYK,DET,80,118
sportsdataverse,2026-02-06,IND,MIL,99,105
sportsdataverse,2026-02-06,NOP,MIN,119,115
sportsdataverse,2026-02-06,MEM,POR,115,135
sportsdataverse,2026-02-06,LAC,SAC,114,111
sportsdataverse,2026-02-07,WAS,BKN,113,127
sportsdataverse,2026-02-07,HOU,OKC,112,106
sportsdataverse,2026-02-07,DAL,SAS,125,138
sportsdataverse,2026-02-07,UTA,ORL,117,120
sportsdataverse,2026-02-07,CHA,ATL,126,119
sportsdataverse,2026-02-07,DEN,CHI,136,120
sportsdataverse,2026-02-07,GSW,LAL,99,105
sportsdataverse,2026-02-07,PHI,PHX,109,103
sportsdataverse,2026-02-07,MEM,POR,115,122
sportsdataverse,2026-02-07,CLE,SAC,132,126
sportsdataverse,2026-02-08,NYK,BOS,111,89
sportsdataverse,2026-02-08,MIA,WAS,132,101
sportsdataverse,2026-02-08,IND,TOR,104,122
sportsdataverse,2026-02-08,LAC,MIN,115,96
sportsdataverse,2026-02-09,DET,CHA,110,104
sportsdataverse,2026-02-09,CHI,BKN,115,123
sportsdataverse,2026-02-09,UTA,MIA,115,111
sportsdataverse,2026-02-09,MIL,ORL,99,118
sportsdataverse,2026-02-09,ATL,MIN,116,138
sportsdataverse,2026-02-09,SAC,NOP,94,120
sportsdataverse,2026-02-09,CLE,DEN,119,117
sportsdataverse,2026-02-09,MEM,GSW,113,114
sportsdataverse,2026-02-09,OKC,LAL,119,110
sportsdataverse,2026-02-09,PHI,POR,118,135
sportsdataverse,2026-02-10,IND,NYK,137,134
sportsdataverse,2026-02-10,LAC,HOU,95,102
sportsdataverse,2026-02-10,DAL,PHX,111,120
sportsdataverse,2026-02-10,SAS,LAL,136,108
sportsdataverse,2026-02-11,ATL,CHA,107,110
sportsdataverse,2026-02-11,WAS,CLE,113,138
sportsdataverse,2026-02-11,MIL,ORL,116,108
sportsdataverse,2026-02-11,CHI,BOS,105,124
sportsdataverse,2026-02-11,IND,BKN,115,110
sportsdataverse,2026-02-11,NYK,PHI,138,89
sportsdataverse,2026-02-11,DET,TOR,113,95
sportsdataverse,2026-02-11,LAC,HOU,105,102
sportsdataverse,2026-02-11,POR,MIN,109,133
sportsdataverse,2026-02-11,MIA,NOP,123,111
sportsdataverse,2026-02-11,OKC,PHX,136,109
sportsdataverse,2026-02-11,SAC,UTA,93,121
sportsdataverse,2026-02-11,MEM,DEN,116,122
sportsdataverse,2026-02-11,SAS,GSW,126,113
sportsdataverse,2026-02-12,MIL,OKC,110,93
sportsdataverse,2026-02-12,POR,UTA,135,119
sportsdataverse,2026-02-12,DAL,LAL,104,124
sportsdataverse,2026-02-19,HOU,CHA,105,101
sportsdataverse,2026-02-19,BKN,CLE,84,112
sportsdataverse,2026-02-19,ATL,PHI,117,107
sportsdataverse,2026-02-19,IND,WAS,105,112
sportsdataverse,2026-02-19,DET,NYK,126,111
sportsdataverse,2026-02-19,TOR,CHI,110,101
sportsdataverse,2026-02-19,PHX,SAS,94,121
sportsdataverse,2026-02-19,BOS,GSW,121,110
sportsdataverse,2026-02-19,ORL,SAC,131,94
sportsdataverse,2026-02-19,DEN,LAC,114,115
sportsdataverse,2026-02-20,CLE,CHA,118,113
sportsdataverse,2026-02-20,IND,WAS,118,131
sportsdataverse,2026-02-20,UTA,MEM,114,123
sportsdataverse,2026-02-20,MIA,ATL,128,97
sportsdataverse,2026-02-20,DAL,MIN,111,122
sportsdataverse,2026-02-20,MIL,NOP,139,118
sportsdataverse,2026-02-20,BKN,OKC,86,105
sportsdataverse,2026-02-20,DEN,POR,157,103
sportsdataverse,2026-02-20,LAC,LAL,122,125
sportsdataverse,2026-02-21,ORL,PHX,110,113
sportsdataverse,2026-02-21,PHI,NOP,111,126
sportsdataverse,2026-02-21,MEM,MIA,120,136
sportsdataverse,2026-02-21,DET,CHI,126,110
sportsdataverse,2026-02-21,SAC,SAS,122,139
sportsdataverse,2026-02-21,HOU,NYK,106,108
sportsdataverse,2026-02-22,CLE,OKC,113,121
sportsdataverse,2026-02-22,BKN,ATL,104,115
sportsdataverse,2026-02-22,TOR,MIL,122,94
sportsdataverse,2026-02-22,DEN,GSW,117,128
sportsdataverse,2026-02-22,DAL,IND,134,130
sportsdataverse,2026-02-22,CHA,WAS,129,112
sportsdataverse,2026-02-22,BOS,LAL,111,89
sportsdataverse,2026-02-22,PHI,MIN,135,108
sportsdataverse,2026-02-22,NYK,CHI,105,99
sportsdataverse,2026-02-22,POR,PHX,92,77
sportsdataverse,2026-02-22,ORL,LAC,111,109
sportsdataverse,2026-02-23,SAS,DET,114,103
sportsdataverse,2026-02-23,SAC,MEM,123,114
sportsdataverse,2026-02-23,UTA,HOU,105,125
sportsdataverse,2026-02-24,PHI,IND,135,114
sportsdataverse,2026-02-24,WAS,ATL,98,119
sportsdataverse,2026-02-24,DAL,BKN,123,114
sportsdataverse,2026-02-24,OKC,TOR,116,107
sportsdataverse,2026-02-24,NYK,CLE,94,109
sportsdataverse,2026-02-24,CHA,CHI,131,99
sportsdataverse,2026-02-24,MIA,MIL,117,128
sportsdataverse,2026-02-24,GSW,NOP,109,113
sportsdataverse,2026-02-24,BOS,PHX,97,81
sportsdataverse,2026-02-24,MIN,POR,124,121
sportsdataverse,2026-02-24,ORL,LAL,110,109
sportsdataverse,2026-02-25,OKC,DET,116,124
sportsdataverse,2026-02-25,SAS,TOR,110,107
sportsdataverse,2026-02-25,GSW,MEM,133,112
sportsdataverse,2026-02-25,SAC,HOU,97,128
sportsdataverse,2026-02-25,CLE,MIL,116,118
sportsdataverse,2026-02-25,BOS,DEN,84,103
sportsdataverse,2026-02-26,CHA,IND,133,109
sportsdataverse,2026-02-26,MIA,PHI,117,124
sportsdataverse,2026-02-26,WAS,ATL,96,126
sportsdataverse,2026-02-26,SAS,BKN,126,110
sportsdataverse,2026-02-26,HOU,ORL,113,108
sportsdataverse,2026-02-26,POR,CHI,121,112
sportsdataverse,2026-02-26,SAC,DAL,130,121
sportsdataverse,2026-02-26,LAL,PHX,110,113
sportsdataverse,2026-02-26,NOP,UTA,129,118
sportsdataverse,2026-02-26,MIN,LAC,94,88
sportsdataverse,2026-02-27,CLE,DET,119,122
sportsdataverse,2026-02-27,BKN,BOS,111,148
sportsdataverse,2026-02-27,NYK,MIL,127,98
sportsdataverse,2026-02-27,MEM,DAL,124,105
sportsdataverse,2026-02-27,DEN,OKC,121,127
sportsdataverse,2026-02-28,POR,CHA,93,109
sportsdataverse,2026-02-28,HOU,MIA,105,115
sportsdataverse,2026-02-28,TOR,WAS,134,125
sportsdataverse,2026-02-28,LAL,GSW,129,101
sportsdataverse,2026-02-28,NOP,UTA,115,105
sportsdataverse,2026-03-01,SAS,NYK,89,114
sportsdataverse,2026-03-01,CLE,BKN,106,102
sportsdataverse,2026-03-01,MIL,CHI,97,120
sportsdataverse,2026-03-01,MIN,DEN,117,108
sportsdataverse,2026-03-01,MEM,IND,125,106
sportsdataverse,2026-03-01,POR,ATL,101,135
sportsdataverse,2026-03-01,DET,ORL,106,92
sportsdataverse,2026-03-01,PHI,BOS,98,114
sportsdataverse,2026-03-01,OKC,DAL,100,87
sportsdataverse,2026-03-01,NOP,LAC,117,137
sportsdataverse,2026-03-01,SAC,LAL,104,128
sportsdataverse,2026-03-02,HOU,WAS,123,118
sportsdataverse,2026-03-02,BOS,MIL,108,81
sportsdataverse,2026-03-02,DEN,UTA,128,125
sportsdataverse,2026-03-02,LAC,GSW,114,101
sportsdataverse,2026-03-03,DAL,CHA,90,117
sportsdataverse,2026-03-03,DET,CLE,109,113
sportsdataverse,2026-03-03,WAS,ORL,109,126
sportsdataverse,2026-03-03,BKN,MIA,98,124
sportsdataverse,2026-03-03,NYK,TOR,111,95
sportsdataverse,2026-03-03,SAS,PHI,131,91
sportsdataverse,2026-03-03,OKC,CHI,116,108
sportsdataverse,2026-03-03,MEM,MIN,110,117
sportsdataverse,2026-03-03,NOP,LAL,101,110
sportsdataverse,2026-03-03,PHX,SAC,114,103
sportsdataverse,2026-03-04,OKC,NYK,103,100
sportsdataverse,2026-03-04,CHA,BOS,118,89
sportsdataverse,2026-03-04,UTA,PHI,102,106
sportsdataverse,2026-03-04,POR,MEM,122,114
sportsdataverse,2026-03-04,ATL,MIL,131,113
sportsdataverse,2026-03-04,IND,LAC,107,130
sportsdataverse,2026-03-05,DAL,ORL,114,115
sportsdataverse,2026-03-05,UTA,WAS,122,112
sportsdataverse,2026-03-05,BKN,MIA,110,126
sportsdataverse,2026-03-05,GSW,HOU,115,113
sportsdataverse,2026-03-05,TOR,MIN,107,115
sportsdataverse,2026-03-05,DET,SAS,106,121
sportsdataverse,2026-03-05,CHI,PHX,105,103
sportsdataverse,2026-03-05,LAL,DEN,113,120
sportsdataverse,2026-03-05,NOP,SAC,133,123
sportsdataverse,2026-03-06,DAL,BOS,100,120
sportsdataverse,2026-03-06,MIA,CHA,128,120
sportsdataverse,2026-03-06,POR,HOU,99,106
sportsdataverse,2026-03-06,NYK,DEN,142,103
sportsdataverse,2026-03-06,NOP,PHX,116,118
sportsdataverse,2026-03-06,LAC,SAS,112,116
sportsdataverse,2026-03-06,IND,LAL,117,128
sportsdataverse,2026-03-07,ORL,MIN,119,92
sportsdataverse,2026-03-07,BKN,DET,107,105
sportsdataverse,2026-03-07,PHI,ATL,116,125
sportsdataverse,2026-03-07,LAC,MEM,123,120
sportsdataverse,2026-03-07,UTA,MIL,99,113
sportsdataverse,2026-03-07,GSW,OKC,97,104
sportsdataverse,2026-03-08,BOS,CLE,109,98
sportsdataverse,2026-03-08,NYK,LAL,97,110
sportsdataverse,2026-03-08,DET,MIA,110,121
sportsdataverse,2026-03-08,DAL,TOR,92,122
sportsdataverse,2026-03-08,WAS,NOP,118,138
sportsdataverse,2026-03-08,ORL,MIL,130,91
sportsdataverse,2026-03-08,HOU,SAS,120,145
sportsdataverse,2026-03-08,IND,POR,111,131
sportsdataverse,2026-03-08,CHI,SAC,110,126
sportsdataverse,2026-03-08,CHA,PHX,99,111
sportsdataverse,2026-03-09,PHI,CLE,101,115
sportsdataverse,2026-03-09,MEM,BKN,115,126
sportsdataverse,2026-03-09,DEN,OKC,126,129
sportsdataverse,2026-03-09,GSW,UTA,116,119
sportsdataverse,2026-03-09,NYK,LAC,118,126
sportsdataverse,2026-03-10,MEM,PHI,129,139
sportsdataverse,2026-03-10,DET,BKN,138,100
sportsdataverse,2026-03-10,WAS,MIA,129,150
sportsdataverse,2026-03-10,DAL,ATL,112,124
sportsdataverse,2026-03-10,TOR,HOU,99,113
sportsdataverse,2026-03-10,PHX,MIL,129,114
sportsdataverse,2026-03-10,BOS,SAS,116,125
sportsdataverse,2026-03-10,CHI,GSW,130,124
sportsdataverse,2026-03-10,CHA,POR,103,101
sportsdataverse,2026-03-10,IND,SAC,109,114
sportsdataverse,2026-03-10,MIN,LAL,106,120
sportsdataverse,2026-03-11,CLE,ORL,122,128
sportsdataverse,2026-03-11,TOR,NOP,111,122
sportsdataverse,2026-03-11,NYK,UTA,134,117
sportsdataverse,2026-03-11,HOU,DEN,93,129
sportsdataverse,2026-03-11,CHA,SAC,117,109
sportsdataverse,2026-03-11,MIN,LAC,128,153
sportsdataverse,2026-03-12,PHI,DET,109,131
sportsdataverse,2026-03-12,PHX,IND,123,108
sportsdataverse,2026-03-12,WAS,ORL,131,136
sportsdataverse,2026-03-12,BKN,ATL,97,108
sportsdataverse,2026-03-12,MIL,MIA,105,112
sportsdataverse,2026-03-12,DAL,MEM,120,112
sportsdataverse,2026-03-12,DEN,SAS,136,131
sportsdataverse,2026-03-12,BOS,OKC,102,104
sportsdataverse,2026-03-12,CHI,LAL,130,142
sportsdataverse,2026-03-13,MEM,DET,110,126
sportsdataverse,2026-03-13,NYK,IND,101,92
sportsdataverse,2026-03-13,PHX,TOR,115,122
sportsdataverse,2026-03-13,CLE,DAL,138,105
sportsdataverse,2026-03-13,NOP,HOU,105,107
sportsdataverse,2026-03-13,MIN,GSW,127,117
sportsdataverse,2026-03-13,UTA,POR,114,124
sportsdataverse,2026-03-13,CHI,LAC,108,119
sportsdataverse,2026-03-14,BKN,PHI,97,104
sportsdataverse,2026-03-14,MIL,ATL,99,122
sportsdataverse,2026-03-14,CHA,SAS,102,115
sportsdataverse,2026-03-14,WAS,BOS,100,111
sportsdataverse,2026-03-14,ORL,MIA,121,117
sportsdataverse,2026-03-14,DEN,LAL,125,127
sportsdataverse,2026-03-14,SAC,LAC,118,109
sportsdataverse,2026-03-15,MIN,OKC,103,116
sportsdataverse,2026-03-15,DAL,CLE,130,120
sportsdataverse,2026-03-15,DET,TOR,108,119
sportsdataverse,2026-03-15,IND,MIL,123,134
sportsdataverse,2026-03-15,POR,PHI,103,109
sportsdataverse,2026-03-15,GSW,NYK,107,110
sportsdataverse,2026-03-15,UTA,SAC,111,116
sportsdataverse,2026-03-16,ORL,ATL,112,124
sportsdataverse,2026-03-16,GSW,WAS,125,117
sportsdataverse,2026-03-16,POR,BKN,114,95
sportsdataverse,2026-03-16,PHX,BOS,112,120
sportsdataverse,2026-03-16,MEM,CHI,107,132
sportsdataverse,2026-03-16,DAL,NOP,111,129
sportsdataverse,2026-03-16,LAL,HOU,100,92
sportsdataverse,2026-03-16,SAS,LAC,119,115
sportsdataverse,2026-03-17,MIA,CHA,106,136
sportsdataverse,2026-03-17,OKC,ORL,113,108
sportsdataverse,2026-03-17,DET,WAS,130,117
sportsdataverse,2026-03-17,IND,NYK,110,136
sportsdataverse,2026-03-17,CLE,MIL,123,116
sportsdataverse,2026-03-17,PHX,MIN,104,116
sportsdataverse,2026-03-17,PHI,DEN,96,124
sportsdataverse,2026-03-17,SAS,SAC,132,104
sportsdataverse,2026-03-18,GSW,BOS,99,120
sportsdataverse,2026-03-18,OKC,BKN,121,92
sportsdataverse,2026-03-18,POR,IND,127,119
sportsdataverse,2026-03-18,TOR,CHI,139,109
sportsdataverse,2026-03-18,UTA,MIN,111,147
sportsdataverse,2026-03-18,LAC,NOP,109,124
sportsdataverse,2026-03-18,ATL,DAL,135,120
sportsdataverse,2026-03-18,DEN,MEM,118,125
sportsdataverse,2026-03-18,LAL,HOU,124,116
sportsdataverse,2026-03-19,ORL,CHA,111,130
sportsdataverse,2026-03-19,DET,WAS,117,95
sportsdataverse,2026-03-19,LAL,MIA,134,126
sportsdataverse,2026-03-19,CLE,CHI,115,110
sportsdataverse,2026-03-19,LAC,NOP,99,105
sportsdataverse,2026-03-19,PHX,SAS,100,101
sportsdataverse,2026-03-19,MIL,UTA,96,128
sportsdataverse,2026-03-19,PHI,SAC,139,118
sportsdataverse,2026-03-20,NYK,BKN,93,92
sportsdataverse,2026-03-20,GSW,DET,101,115
sportsdataverse,2026-03-20,ATL,HOU,95,117
sportsdataverse,2026-03-20,BOS,MEM,117,112
sportsdataverse,2026-03-20,POR,MIN,108,104
sportsdataverse,2026-03-20,TOR,DEN,115,121
sportsdataverse,2026-03-21,OKC,WAS,132,111
sportsdataverse,2026-03-21,MEM,CHA,101,124
sportsdataverse,2026-03-21,LAL,ORL,105,104
sportsdataverse,2026-03-21,CLE,NOP,111,106
sportsdataverse,2026-03-21,GSW,ATL,110,126
sportsdataverse,2026-03-21,MIA,HOU,122,123
sportsdataverse,2026-03-21,IND,SAS,119,134
sportsdataverse,2026-03-21,LAC,DAL,138,131
sportsdataverse,2026-03-21,PHI,UTA,126,116
sportsdataverse,2026-03-21,MIL,PHX,108,105
sportsdataverse,2026-03-22,POR,DEN,112,128
sportsdataverse,2026-03-22,BKN,SAC,122,126
sportsdataverse,2026-03-22,WAS,NYK,113,145
sportsdataverse,2026-03-22,MIN,BOS,102,92
sportsdataverse,2026-03-22,TOR,PHX,98,120
sportsdataverse,2026-03-23,LAL,DET,110,113
sportsdataverse,2026-03-23,IND,ORL,128,126
sportsdataverse,2026-03-23,OKC,PHI,123,103
sportsdataverse,2026-03-23,SAS,MIA,136,111
sportsdataverse,2026-03-23,MEM,ATL,107,146
sportsdataverse,2026-03-23,HOU,CHI,124,132
sportsdataverse,2026-03-23,TOR,UTA,143,127
sportsdataverse,2026-03-23,GSW,DAL,137,131
sportsdataverse,2026-03-23,BKN,POR,99,134
sportsdataverse,2026-03-23,MIL,LAC,96,129
sportsdataverse,2026-03-24,SAC,CHA,90,134
sportsdataverse,2026-03-24,NOP,NYK,116,121
sportsdataverse,2026-03-24,ORL,CLE,131,136
sportsdataverse,2026-03-24,DEN,PHX,125,123
sportsdataverse,2026-03-25,ATL,DET,130,129
sportsdataverse,2026-03-25,LAL,IND,137,130
sportsdataverse,2026-03-25,CHI,PHI,137,157
sportsdataverse,2026-03-25,OKC,BOS,109,119
sportsdataverse,2026-03-25,MIA,CLE,120,103
sportsdataverse,2026-03-25,SAS,MEM,123,98
sportsdataverse,2026-03-25,WAS,UTA,133,110
sportsdataverse,2026-03-25,HOU,MIN,108,110
sportsdataverse,2026-03-25,DAL,DEN,135,142
sportsdataverse,2026-03-25,BKN,GSW,106,109
sportsdataverse,2026-03-25,MIL,POR,99,130
sportsdataverse,2026-03-25,TOR,LAC,94,119
sportsdataverse,2026-03-26,NYK,CHA,103,114
sportsdataverse,2026-03-26,NOP,DET,108,129
sportsdataverse,2026-03-26,SAC,ORL,117,121
sportsdataverse,2026-03-27,LAC,IND,114,113
sportsdataverse,2026-03-27,ATL,BOS,102,109
sportsdataverse,2026-03-27,MIA,CLE,128,149
sportsdataverse,2026-03-27,HOU,MEM,119,109
sportsdataverse,2026-03-27,CHI,OKC,113,131
sportsdataverse,2026-03-27,NOP,TOR,106,119
sportsdataverse,2026-03-27,UTA,DEN,129,135
sportsdataverse,2026-03-27,WAS,GSW,126,131
sportsdataverse,2026-03-27,DAL,POR,100,93
sportsdataverse,2026-03-27,BKN,LAL,99,116
sportsdataverse,2026-03-28,SAS,MIL,127,95
sportsdataverse,2026-03-28,DET,MIN,109,87
sportsdataverse,2026-03-28,PHI,CHA,118,114
sportsdataverse,2026-03-28,SAC,ATL,113,123
sportsdataverse,2026-03-28,CHI,MEM,124,125
sportsdataverse,2026-03-28,UTA,PHX,109,134
sportsdataverse,2026-03-29,LAC,MIL,127,113
sportsdataverse,2026-03-29,MIA,IND,118,135
sportsdataverse,2026-03-29,SAC,BKN,99,116
sportsdataverse,2026-03-29,BOS,CHA,114,99
sportsdataverse,2026-03-29,ORL,TOR,87,139
sportsdataverse,2026-03-29,WAS,POR,88,123
sportsdataverse,2026-03-29,HOU,NOP,134,102
sportsdataverse,2026-03-29,NYK,OKC,100,111
sportsdataverse,2026-03-29,GSW,DEN,93,116
sportsdataverse,2026-03-30,PHI,MIA,109,119
sportsdataverse,2026-03-30,BOS,ATL,102,112
sportsdataverse,2026-03-30,PHX,MEM,131,105
sportsdataverse,2026-03-30,CHI,SAS,114,129
sportsdataverse,2026-03-30,MIN,DAL,124,94
sportsdataverse,2026-03-30,CLE,UTA,122,113
sportsdataverse,2026-03-30,DET,OKC,110,114
sportsdataverse,2026-03-30,WAS,LAL,101,120
sportsdataverse,2026-03-31,PHX,ORL,111,115
sportsdataverse,2026-03-31,CHA,BKN,117,86
sportsdataverse,2026-03-31,TOR,DET,116,127
sportsdataverse,2026-03-31,NYK,HOU,94,111
sportsdataverse,2026-03-31,DAL,MIL,99,123
sportsdataverse,2026-03-31,CLE,LAL,113,127
sportsdataverse,2026-03-31,POR,LAC,114,104
sportsdataverse,2026-04-01,PHI,WAS,153,131
sportsdataverse,2026-04-01,ATL,ORL,130,101
sportsdataverse,2026-04-01,BOS,MIA,147,129
sportsdataverse,2026-04-01,NYK,MEM,130,119
sportsdataverse,2026-04-01,SAC,TOR,123,115
sportsdataverse,2026-04-01,IND,CHI,145,126
sportsdataverse,2026-04-01,MIL,HOU,113,119
sportsdataverse,2026-04-01,DEN,UTA,130,117
sportsdataverse,2026-04-01,SAS,GSW,127,113
sportsdataverse,2026-04-02,PHX,CHA,107,127
sportsdataverse,2026-04-02,MIN,DET,108,113
sportsdataverse,2026-04-02,LAL,OKC,96,139
sportsdataverse,2026-04-02,CLE,GSW,118,111
sportsdataverse,2026-04-02,NOP,POR,106,118
sportsdataverse,2026-04-02,SAS,LAC,118,99
sportsdataverse,2026-04-03,IND,CHA,108,129
sportsdataverse,2026-04-03,MIN,PHI,103,115
sportsdataverse,2026-04-03,ATL,BKN,141,107
sportsdataverse,2026-04-03,CHI,NYK,96,136
sportsdataverse,2026-04-03,UTA,HOU,106,140
sportsdataverse,2026-04-03,TOR,MEM,128,96
sportsdataverse,2026-04-03,BOS,MIL,133,101
sportsdataverse,2026-04-03,ORL,DAL,138,127
sportsdataverse,2026-04-03,NOP,SAC,113,117
sportsdataverse,2026-04-04,WAS,MIA,136,152
sportsdataverse,2026-04-04,SAS,DEN,134,136
sportsdataverse,2026-04-04,DET,PHI,116,93
sportsdataverse,2026-04-05,TOR,BOS,101,115
sportsdataverse,2026-04-05,WAS,BKN,115,121
sportsdataverse,2026-04-05,PHX,CHI,120,110
sportsdataverse,2026-04-05,MEM,MIL,115,131
sportsdataverse,2026-04-05,IND,CLE,108,117
sportsdataverse,2026-04-05,CHA,MIN,122,108
sportsdataverse,2026-04-05,ORL,NOP,112,108
sportsdataverse,2026-04-05,UTA,OKC,111,146
sportsdataverse,2026-04-05,LAL,DAL,128,134
sportsdataverse,2026-04-05,LAC,SAC,138,109
sportsdataverse,2026-04-05,HOU,GSW,117,116
sportsdataverse,2026-04-06,NYK,ATL,108,105
sportsdataverse,2026-04-06,DET,ORL,107,123
sportsdataverse,2026-04-06,CLE,MEM,142,126
sportsdataverse,2026-04-06,PHI,SAS,102,115
sportsdataverse,2026-04-06,POR,DEN,132,137
sportsdataverse,2026-04-07,CHI,WAS,129,98
sportsdataverse,2026-04-07,MIN,IND,124,104
sportsdataverse,2026-04-07,MIL,BKN,90,96
sportsdataverse,2026-04-07,MIA,TOR,95,121
sportsdataverse,2026-04-07,CHA,BOS,102,113
sportsdataverse,2026-04-07,UTA,NOP,137,156
sportsdataverse,2026-04-07,SAC,GSW,105,110
sportsdataverse,2026-04-07,OKC,LAL,123,87
sportsdataverse,2026-04-07,DAL,LAC,103,116
sportsdataverse,2026-04-07,HOU,PHX,119,105
sportsdataverse,2026-04-08,ATL,CLE,116,122
sportsdataverse,2026-04-08,MIN,ORL,120,132
sportsdataverse,2026-04-08,MIL,DET,111,137
sportsdataverse,2026-04-08,MEM,DEN,119,136
sportsdataverse,2026-04-08,POR,SAS,101,112
sportsdataverse,2026-04-08,OKC,LAC,128,110
sportsdataverse,2026-04-08,DAL,PHX,107,112
sportsdataverse,2026-04-09,MIA,TOR,114,128
sportsdataverse,2026-04-09,CHI,WAS,119,108
sportsdataverse,2026-04-09,IND,BKN,123,94
sportsdataverse,2026-04-09,BOS,NYK,106,112
sportsdataverse,2026-04-09,PHI,HOU,102,113
sportsdataverse,2026-04-09,LAL,GSW,119,103
sportsdataverse,2026-04-10,DET,CHA,118,100
sportsdataverse,2026-04-10,MIA,WAS,140,117
sportsdataverse,2026-04-10,CLE,ATL,102,124
sportsdataverse,2026-04-10,NOP,BOS,118,144
sportsdataverse,2026-04-10,PHI,IND,105,94
sportsdataverse,2026-04-10,TOR,NYK,95,112
sportsdataverse,2026-04-10,ORL,CHI,127,103
sportsdataverse,2026-04-10,BKN,MIL,108,125
sportsdataverse,2026-04-10,DAL,SAS,120,139
sportsdataverse,2026-04-10,OKC,DEN,107,127
sportsdataverse,2026-04-10,MIN,HOU,136,132
sportsdataverse,2026-04-10,MEM,UTA,101,147
sportsdataverse,2026-04-10,LAC,POR,97,116
sportsdataverse,2026-04-10,GSW,SAC,118,124
sportsdataverse,2026-04-10,PHX,LAL,73,101
sportsdataverse,2026-04-12,ORL,BOS,108,113
sportsdataverse,2026-04-12,WAS,CLE,117,130
sportsdataverse,2026-04-12,DET,IND,133,121
sportsdataverse,2026-04-12,ATL,MIA,117,143
sportsdataverse,2026-04-12,CHA,NYK,110,96
sportsdataverse,2026-04-12,MIL,PHI,106,126
sportsdataverse,2026-04-12,BKN,TOR,101,136
sportsdataverse,2026-04-12,CHI,DAL,128,149
sportsdataverse,2026-04-12,MEM,HOU,101,132
sportsdataverse,2026-04-12,NOP,MIN,126,132
sportsdataverse,2026-04-12,PHX,OKC,135,103
sportsdataverse,2026-04-12,DEN,SAS,128,118
sportsdataverse,2026-04-12,UTA,LAL,107,131
sportsdataverse,2026-04-12,GSW,LAC,110,115
sportsdataverse,2026-04-12,SAC,POR,110,122
